timestamp,plugin,total_downloads,version,api_level
2025-11-06T23:48:35+01:00,SpotifyHonorific,0,1.0.0.0,13
2025-11-08T08:27:41Z,SpotifyHonorific,3,1.1.0,13
2025-11-08T09:49:48Z,SpotifyHonorific,4,1.2.0,13
2025-11-08T12:07:24Z,SpotifyHonorific,6,1.2.0,13
2025-11-12T18:07:27Z,SpotifyHonorific,8,1.2.0,13
2025-11-13T00:21:00Z,SpotifyHonorific,9,1.2.0,13
2025-11-14T06:08:08Z,SpotifyHonorific,10,1.2.0,13
2025-11-19T06:07:53Z,SpotifyHonorific,11,1.2.0,13
2025-11-21T09:45:51+01:00,SpotifyHonorific,4,1.2.0,13
2025-11-21T09:45:51+01:00,DropLogger,0,0.0.0.0,13
2025-11-21T09:46:59+01:00,SpotifyHonorific,11,1.2.0,13
2025-11-21T08:49:10Z,DropLogger,0,1.0.0,13
2025-11-21T12:08:35Z,DropLogger,1,1.0.0,13
2025-11-27T06:08:12Z,DropLogger,2,1.0.0,13
2025-11-29T17:21:06+01:00,DiscordChatWebhook,0,1.0.0,13
2025-11-29T18:06:49Z,DiscordChatWebhook,2,1.0.0,13
2025-11-30T03:48:00Z,DiscordChatWebhook,0,1.0.0,13
2025-11-30T06:07:12Z,DiscordChatWebhook,2,1.0.0,13
2025-12-02T21:34:28Z,SpotifyHonorific,11,1.3.0,13
2025-12-03T00:21:08Z,SpotifyHonorific,13,1.3.0,13
2025-12-03T12:09:14Z,SpotifyHonorific,14,1.3.0,13
2025-12-07T03:36:01+01:00,JobAutoSwitcher,0,1.0.0,13
2025-12-07T02:37:11Z,SpotifyHonorific,14,1.3.1,13
2025-12-07T02:37:11Z,JobAutoSwitcher,1,1.0.0,13
2025-12-07T02:51:06Z,SpotifyHonorific,15,1.3.1,13
2025-12-07T06:06:58Z,SpotifyHonorific,18,1.3.1,13
2025-12-07T06:06:58Z,DiscordChatWebhook,1,1.0.0,13
2025-12-07T06:06:58Z,JobAutoSwitcher,2,1.0.1,13
2025-12-07T12:07:54Z,DropLogger,3,1.0.0,13
2025-12-07T18:06:42Z,SpotifyHonorific,19,1.3.1,13
2025-12-08T00:22:33Z,JobAutoSwitcher,3,1.0.1,13
2025-12-08T18:07:37Z,JobAutoSwitcher,4,1.0.1,13
2025-12-09T00:21:48Z,JobAutoSwitcher,5,1.0.1,13
2025-12-10T06:08:30Z,SpotifyHonorific,20,1.3.2,13
2025-12-10T06:08:30Z,DiscordChatWebhook,2,1.0.1,13
2025-12-10T06:08:30Z,JobAutoSwitcher,6,1.0.2,13
2025-12-10T12:09:19Z,SpotifyHonorific,21,1.3.2,13
2025-12-10T12:09:19Z,JobAutoSwitcher,7,1.0.2,13
2025-12-11T00:22:20Z,SpotifyHonorific,23,1.3.2,13
2025-12-11T00:22:20Z,DiscordChatWebhook,3,1.0.1,13
2025-12-11T00:22:20Z,JobAutoSwitcher,8,1.0.2,13
2025-12-11T12:09:17Z,SpotifyHonorific,24,1.3.2,13
2025-12-11T12:09:17Z,DiscordChatWebhook,4,1.0.1,13
2025-12-11T12:09:17Z,JobAutoSwitcher,11,1.0.2,13
2025-12-12T00:21:59Z,JobAutoSwitcher,12,1.0.2,13
2025-12-12T13:26:54+01:00,SpotifyHonorific,0,1.3.2,13
2025-12-12T12:27:54Z,SpotifyHonorific,24,1.3.2,13
2025-12-12T18:07:36Z,DiscordChatWebhook,5,1.0.1,13
2025-12-15T18:07:42Z,SpotifyHonorific,25,1.3.2,13
2025-12-16T00:22:34Z,JobAutoSwitcher,13,1.0.2,13
2025-12-16T06:08:36Z,SpotifyHonorific,26,1.3.2,13
2025-12-18T21:51:26Z,SpotifyHonorific,26,1.4.0,13
2025-12-18T23:00:51+01:00,SpotifyHonorific,26,1.4.0,14
2025-12-18T23:35:32+01:00,DiscordChatWebhook,5,1.0.1,14
2025-12-18T23:35:32+01:00,JobAutoSwitcher,13,1.0.2,14
2025-12-18T22:36:02Z,SpotifyHonorific,27,1.4.0,14
2025-12-18T22:36:02Z,DiscordChatWebhook,5,1.1.0,14
2025-12-18T22:36:02Z,JobAutoSwitcher,13,1.1.0,14
2025-12-19T00:22:50Z,SpotifyHonorific,29,1.4.0,14
2025-12-19T00:22:50Z,DiscordChatWebhook,7,1.1.0,14
2025-12-19T00:22:50Z,JobAutoSwitcher,17,1.1.0,14
2025-12-19T12:08:45Z,JobAutoSwitcher,18,1.1.0,14
2025-12-19T18:07:31Z,SpotifyHonorific,30,1.4.0,14
2025-12-19T18:07:31Z,JobAutoSwitcher,19,1.1.0,14
2025-12-20T00:21:14Z,SpotifyHonorific,31,1.4.0,14
2025-12-20T06:13:06+01:00,SimpleTweaksPlugin,0,1.0.0,14
2025-12-20T06:24:05+01:00,SimpleTweaksPlugin,0,1.10.12.6,14
2025-12-20T05:25:05Z,SimpleTweaksPlugin,3,1.10.12.6,14
2025-12-20T06:42:57+01:00,SimpleTweaksVali,3,1.0.1.0,14
2025-12-20T05:46:45Z,SimpleTweaksVali,3,1.0.1,14
2025-12-20T06:06:56Z,JobAutoSwitcher,20,1.1.0,14
2025-12-20T06:06:56Z,SimpleTweaksVali,6,1.0.1,14
2025-12-20T12:08:14Z,SpotifyHonorific,32,1.4.0,14
2025-12-20T18:06:41Z,JobAutoSwitcher,21,1.1.0,14
2025-12-21T18:07:05Z,SpotifyHonorific,34,1.4.0,14
2025-12-22T00:23:51Z,SpotifyHonorific,37,1.4.0,14
2025-12-22T12:09:23Z,SpotifyHonorific,41,1.4.0,14
2025-12-22T18:07:28Z,SpotifyHonorific,43,1.4.0,14
2025-12-23T00:22:29Z,SpotifyHonorific,45,1.4.0,14
2025-12-23T06:08:32Z,SpotifyHonorific,48,1.4.0,14
2025-12-24T00:22:16Z,SpotifyHonorific,50,1.4.0,14
2025-12-24T12:09:00Z,SpotifyHonorific,52,1.4.0,14
2025-12-24T18:07:30Z,SpotifyHonorific,54,1.4.0,14
2025-12-25T06:08:28Z,SpotifyHonorific,55,1.4.0,14
2025-12-26T18:07:18Z,JobAutoSwitcher,22,1.1.0,14
2025-12-27T01:34:03+01:00,RetainerInventoryPrice,0,1.0.0,14
2025-12-27T00:34:56Z,SpotifyHonorific,56,1.4.0,14
2025-12-27T06:07:56Z,RetainerInventoryPrice,3,1.0.0,14
2025-12-27T12:08:48Z,RetainerInventoryPrice,4,1.0.0,14
2025-12-28T18:07:23Z,JobAutoSwitcher,23,1.1.0,14
2025-12-29T12:09:29Z,SpotifyHonorific,57,1.4.0,14
2025-12-29T18:07:41Z,SpotifyHonorific,58,1.4.0,14
2025-12-31T12:09:05Z,SpotifyHonorific,59,1.4.0,14
2026-01-03T06:07:28Z,SpotifyHonorific,60,1.4.0,14
2026-01-03T12:08:34Z,SpotifyHonorific,61,1.4.0,14
2026-01-04T06:08:16Z,JobAutoSwitcher,24,1.1.0,14
2026-01-05T12:10:10Z,SpotifyHonorific,65,1.4.0,14
2026-01-05T18:08:27Z,SpotifyHonorific,66,1.4.0,14
2026-01-07T18:08:13Z,SpotifyHonorific,67,1.4.0,14
2026-01-07T18:08:13Z,RetainerInventoryPrice,5,1.0.0,14
2026-01-08T06:08:40Z,SpotifyHonorific,69,1.4.0,14
2026-01-08T12:09:48Z,SpotifyHonorific,70,1.4.0,14
2026-01-08T18:07:26Z,SpotifyHonorific,71,1.4.0,14
2026-01-09T00:22:39Z,SpotifyHonorific,72,1.4.0,14
2026-01-09T06:08:39Z,JobAutoSwitcher,25,1.1.0,14
2026-01-09T12:09:34Z,JobAutoSwitcher,26,1.1.0,14
2026-01-10T00:22:46Z,SpotifyHonorific,73,1.4.0,14
2026-01-10T06:07:24Z,SpotifyHonorific,75,1.4.0,14
2026-01-10T12:08:22Z,RetainerInventoryPrice,6,1.0.0,14
2026-01-10T18:07:14Z,SpotifyHonorific,77,1.4.0,14
2026-01-11T00:25:33Z,SpotifyHonorific,78,1.4.0,14
2026-01-12T00:24:15Z,RetainerInventoryPrice,7,1.0.0,14
2026-01-13T06:08:37Z,SpotifyHonorific,79,1.4.0,14
2026-01-13T06:08:37Z,RetainerInventoryPrice,8,1.0.0,14
2026-01-13T12:09:48Z,SpotifyHonorific,80,1.4.0,14
2026-01-13T12:09:48Z,RetainerInventoryPrice,9,1.0.0,14
2026-01-13T18:08:54Z,SpotifyHonorific,81,1.4.0,14
2026-01-13T18:08:54Z,JobAutoSwitcher,27,1.1.0,14
2026-01-14T00:23:46Z,DiscordChatWebhook,8,1.1.0,14
2026-01-14T12:09:32Z,SpotifyHonorific,85,1.4.0,14
2026-01-14T18:08:06Z,SpotifyHonorific,87,1.4.0,14
2026-01-14T18:08:06Z,RetainerInventoryPrice,10,1.0.0,14
2026-01-15T06:08:27Z,SpotifyHonorific,88,1.4.0,14
2026-01-16T00:23:13Z,SpotifyHonorific,90,1.4.0,14
2026-01-17T00:22:14Z,SpotifyHonorific,92,1.4.0,14
2026-01-17T18:07:04Z,SpotifyHonorific,94,1.4.0,14
2026-01-18T00:25:13Z,SpotifyHonorific,97,1.4.0,14
2026-01-18T00:25:13Z,DiscordChatWebhook,9,1.1.0,14
2026-01-18T06:08:04Z,SpotifyHonorific,99,1.4.0,14
2026-01-18T12:08:29Z,SpotifyHonorific,100,1.4.0,14
2026-01-18T18:06:41Z,SpotifyHonorific,101,1.4.0,14
2026-01-19T06:11:03Z,SpotifyHonorific,102,1.4.0,14
2026-01-19T12:10:31Z,SpotifyHonorific,104,1.4.0,14
2026-01-19T18:08:06Z,SpotifyHonorific,106,1.4.0,14
2026-01-20T00:22:29Z,SpotifyHonorific,108,1.4.0,14
2026-01-20T12:10:31Z,SpotifyHonorific,111,1.4.0,14
2026-01-21T00:23:56Z,SpotifyHonorific,112,1.4.0,14
2026-01-21T12:10:34Z,SpotifyHonorific,113,1.4.0,14
2026-01-21T18:16:04Z,SpotifyHonorific,114,1.4.0,14
2026-01-22T06:09:06Z,SpotifyHonorific,116,1.4.0,14
2026-01-22T18:07:48Z,SpotifyHonorific,117,1.4.0,14
2026-01-23T00:23:39Z,SpotifyHonorific,118,1.4.0,14
2026-01-23T06:08:46Z,RetainerInventoryPrice,11,1.0.0,14
2026-01-23T12:09:52Z,SpotifyHonorific,119,1.4.0,14
2026-01-23T18:08:07Z,SpotifyHonorific,121,1.4.0,14
2026-01-24T06:07:59Z,SpotifyHonorific,123,1.4.0,14
2026-01-24T18:07:29Z,SpotifyHonorific,124,1.4.0,14
2026-01-25T00:25:43Z,SpotifyHonorific,126,1.4.0,14
2026-01-25T00:25:43Z,RetainerInventoryPrice,12,1.0.0,14
2026-01-25T06:08:14Z,SpotifyHonorific,128,1.4.0,14
2026-01-26T06:10:16Z,SpotifyHonorific,130,1.4.0,14
2026-01-26T12:10:46Z,SpotifyHonorific,132,1.4.0,14
2026-01-27T00:24:40Z,SpotifyHonorific,133,1.4.0,14
2026-01-28T18:10:03Z,SpotifyHonorific,134,1.4.0,14
2026-01-28T23:24:30Z,SpotifyHonorific,135,1.5.0,14
2026-01-28T23:42:09Z,SpotifyHonorific,137,1.5.0,14
2026-01-28T23:51:52Z,SpotifyHonorific,139,1.5.0,14
2026-01-29T00:26:38Z,SpotifyHonorific,143,1.5.0,14
2026-01-29T06:17:48Z,SpotifyHonorific,157,1.5.0,14
2026-01-29T12:13:05Z,SpotifyHonorific,161,1.5.0,14
2026-01-29T18:13:50Z,SpotifyHonorific,169,1.5.0,14
2026-01-30T00:26:37Z,SpotifyHonorific,176,1.5.0,14
2026-01-30T06:18:04Z,SpotifyHonorific,179,1.5.0,14
2026-01-30T12:12:24Z,DiscordChatWebhook,10,1.1.0,14
2026-01-30T12:12:24Z,RetainerInventoryPrice,13,1.0.0,14
2026-01-30T18:13:05Z,SpotifyHonorific,181,1.5.0,14
2026-01-31T00:26:02Z,SpotifyHonorific,185,1.5.0,14
2026-01-31T06:12:13Z,SpotifyHonorific,186,1.5.0,14
2026-01-31T12:09:18Z,SpotifyHonorific,191,1.5.0,14
2026-01-31T18:08:06Z,SpotifyHonorific,195,1.5.0,14
2026-01-31T18:08:06Z,RetainerInventoryPrice,14,1.0.0,14
2026-02-01T00:31:59Z,SpotifyHonorific,198,1.5.0,14
2026-02-01T00:31:59Z,RetainerInventoryPrice,15,1.0.0,14
2026-02-01T06:19:58Z,SpotifyHonorific,201,1.5.0,14
2026-02-01T12:10:10Z,SpotifyHonorific,204,1.5.0,14
2026-02-01T18:08:53Z,SpotifyHonorific,207,1.5.0,14
2026-02-02T00:28:25Z,SpotifyHonorific,210,1.5.0,14
2026-02-02T06:26:50Z,SpotifyHonorific,212,1.5.0,14
2026-02-03T00:29:12Z,SpotifyHonorific,213,1.5.0,14
2026-02-03T06:20:40Z,SpotifyHonorific,214,1.5.1,14
2026-02-03T12:13:44Z,SpotifyHonorific,225,1.5.1,14
2026-02-03T18:21:26Z,SpotifyHonorific,234,1.5.1,14
2026-02-04T00:25:38Z,SpotifyHonorific,242,1.5.1,14
2026-02-04T06:19:46Z,SpotifyHonorific,249,1.5.1,14
2026-02-04T18:17:52Z,SpotifyHonorific,250,1.5.1,14
2026-02-05T00:28:45Z,SpotifyHonorific,256,1.5.1,14
2026-02-05T06:23:31Z,SpotifyHonorific,258,1.5.1,14
2026-02-05T12:14:24Z,SpotifyHonorific,259,1.5.1,14
2026-02-05T18:20:22Z,SpotifyHonorific,260,1.5.1,14
2026-02-06T00:26:17Z,SpotifyHonorific,268,1.5.1,14
2026-02-06T02:35:51+01:00,FoxyJumpscare,0,1.0.0,14
2026-02-06T01:37:24Z,SpotifyHonorific,269,1.5.1,14
2026-02-06T06:21:09Z,FoxyJumpscare,2,1.0.0,14
2026-02-06T12:13:48Z,SpotifyHonorific,271,1.5.1,14
2026-02-06T12:13:48Z,FoxyJumpscare,3,1.0.0,14
2026-02-06T18:17:26Z,SpotifyHonorific,272,1.5.1,14
2026-02-07T00:26:53Z,SpotifyHonorific,273,1.5.1,14
2026-02-07T06:15:24Z,SpotifyHonorific,275,1.5.1,14
2026-02-07T12:09:40Z,SpotifyHonorific,276,1.5.1,14
2026-02-07T15:55:35Z,SpotifyHonorific,276,1.6.0,14
2026-02-07T18:09:21Z,SpotifyHonorific,285,1.6.0,14
2026-02-07T21:12:12Z,SpotifyHonorific,291,1.6.0,14
2026-02-07T21:12:12Z,FoxyJumpscare,3,1.1.0,14
2026-02-08T00:35:33Z,SpotifyHonorific,303,1.6.0,14
2026-02-08T00:35:33Z,FoxyJumpscare,5,1.1.0,14
2026-02-08T06:20:37Z,SpotifyHonorific,312,1.6.0,14
2026-02-08T12:10:34Z,SpotifyHonorific,314,1.6.0,14
2026-02-08T16:29:08Z,SpotifyHonorific,314,1.6.1,14
2026-02-08T16:43:24Z,FoxyJumpscare,5,1.1.1,14
2026-02-08T17:41:37Z,FoxyJumpscare,5,1.2.0,14
2026-02-08T18:09:32Z,SpotifyHonorific,323,1.6.1,14
2026-02-08T18:09:32Z,FoxyJumpscare,7,1.2.0,14
2026-02-09T00:29:34Z,SpotifyHonorific,336,1.6.1,14
2026-02-09T00:29:34Z,FoxyJumpscare,9,1.2.0,14
2026-02-09T06:27:53Z,SpotifyHonorific,341,1.6.1,14
2026-02-09T12:19:19Z,SpotifyHonorific,348,1.6.1,14
2026-02-09T18:20:55Z,SpotifyHonorific,352,1.6.1,14
2026-02-09T18:20:55Z,FoxyJumpscare,10,1.2.0,14
2026-02-09T20:02:42Z,FoxyJumpscare,10,1.3.0,14
2026-02-09T22:26:27Z,FoxyJumpscare,10,1.3.1,14
2026-02-10T00:13:20Z,JobAutoSwitcher,27,1.2.0,14
2026-02-10T00:34:35Z,SpotifyHonorific,361,1.6.1,14
2026-02-10T00:34:35Z,JobAutoSwitcher,28,1.2.0,14
2026-02-10T00:34:35Z,FoxyJumpscare,14,1.3.1,14
2026-02-10T06:28:17Z,SpotifyHonorific,364,1.6.1,14
2026-02-10T06:28:17Z,JobAutoSwitcher,29,1.2.0,14
2026-02-10T12:21:49Z,SpotifyHonorific,366,1.6.1,14
2026-02-10T18:25:41Z,SpotifyHonorific,369,1.6.1,14
2026-02-11T00:33:17Z,SpotifyHonorific,373,1.6.1,14
2026-02-11T00:33:17Z,FoxyJumpscare,15,1.3.1,14
2026-02-11T06:27:47Z,SpotifyHonorific,377,1.6.1,14
2026-02-11T12:19:50Z,SpotifyHonorific,379,1.6.1,14
2026-02-11T18:23:31Z,SpotifyHonorific,384,1.6.1,14
2026-02-12T00:28:17Z,SpotifyHonorific,389,1.6.1,14
2026-02-12T06:27:56Z,SpotifyHonorific,391,1.6.1,14
2026-02-12T06:27:56Z,FoxyJumpscare,16,1.3.1,14
2026-02-12T12:17:03Z,FoxyJumpscare,17,1.3.1,14
2026-02-12T18:22:16Z,SpotifyHonorific,393,1.6.1,14
2026-02-13T06:24:30Z,SpotifyHonorific,396,1.6.1,14
2026-02-13T12:14:00Z,SpotifyHonorific,397,1.6.1,14
2026-02-13T18:16:07Z,SpotifyHonorific,399,1.6.1,14
2026-02-14T00:28:30Z,SpotifyHonorific,401,1.6.1,14
2026-02-14T04:27:31Z,FoxyJumpscare,17,1.3.2,14
2026-02-14T06:16:37Z,SpotifyHonorific,403,1.6.1,14
2026-02-14T06:16:37Z,FoxyJumpscare,18,1.3.2,14
2026-02-14T12:09:36Z,SpotifyHonorific,405,1.6.1,14
2026-02-14T18:08:14Z,SpotifyHonorific,407,1.6.1,14
2026-02-14T18:08:14Z,RetainerInventoryPrice,16,1.0.0,14
2026-02-15T00:30:20Z,SpotifyHonorific,408,1.6.1,14
2026-02-15T12:10:38Z,SpotifyHonorific,411,1.6.1,14
2026-02-15T18:09:24Z,SpotifyHonorific,413,1.6.1,14
2026-02-15T18:09:24Z,FoxyJumpscare,19,1.3.2,14
2026-02-16T00:28:41Z,SpotifyHonorific,414,1.6.1,14
2026-02-16T06:27:31Z,SpotifyHonorific,419,1.6.1,14
2026-02-16T12:16:17Z,SpotifyHonorific,426,1.6.1,14
2026-02-17T00:29:15Z,SpotifyHonorific,427,1.6.1,14
2026-02-17T04:35:11Z,SpotifyHonorific,427,1.6.2,14
2026-02-17T05:06:38Z,SpotifyHonorific,427,1.6.3,14
2026-02-17T06:23:36Z,SpotifyHonorific,438,1.6.3,14
2026-02-17T12:15:52Z,SpotifyHonorific,453,1.6.3,14
2026-02-17T18:21:37Z,SpotifyHonorific,466,1.6.3,14
2026-02-18T00:29:15Z,SpotifyHonorific,487,1.6.3,14
2026-02-18T06:26:25Z,SpotifyHonorific,492,1.6.3,14
2026-02-18T12:15:34Z,SpotifyHonorific,495,1.6.3,14
2026-02-18T18:18:32Z,SpotifyHonorific,497,1.6.3,14
2026-02-19T00:29:39Z,SpotifyHonorific,502,1.6.3,14
2026-02-19T06:25:34Z,SpotifyHonorific,507,1.6.3,14
2026-02-19T06:25:34Z,RetainerInventoryPrice,17,1.0.0,14
2026-02-19T12:16:49Z,SpotifyHonorific,511,1.6.3,14
2026-02-19T18:20:45Z,SpotifyHonorific,512,1.6.3,14
2026-02-20T00:26:58Z,SpotifyHonorific,515,1.6.3,14
2026-02-20T06:21:45Z,SpotifyHonorific,517,1.6.3,14
2026-02-20T12:14:05Z,SpotifyHonorific,518,1.6.3,14
2026-02-20T18:15:20Z,SpotifyHonorific,523,1.6.3,14
2026-02-21T00:27:21Z,SpotifyHonorific,529,1.6.3,14
2026-02-21T00:27:21Z,RetainerInventoryPrice,19,1.0.0,14
2026-02-21T00:27:21Z,FoxyJumpscare,20,1.3.2,14
2026-02-21T06:15:23Z,SpotifyHonorific,533,1.6.3,14
2026-02-21T12:09:56Z,SpotifyHonorific,535,1.6.3,14
2026-02-21T12:09:56Z,FoxyJumpscare,21,1.3.2,14
2026-02-21T18:09:12Z,SpotifyHonorific,538,1.6.3,14
2026-02-21T23:25:53+01:00,JobAutoSwitcher,1153,1.2.0,14
2026-02-22T00:28:12Z,SpotifyHonorific,543,1.6.3,14
2026-02-22T00:28:12Z,JobAutoSwitcher,1156,1.2.0,14
2026-02-22T00:28:12Z,FoxyJumpscare,22,1.3.2,14
2026-02-22T06:18:02Z,SpotifyHonorific,546,1.6.3,14
2026-02-22T12:10:14Z,SpotifyHonorific,548,1.6.3,14
2026-02-22T12:10:14Z,JobAutoSwitcher,1163,1.2.0,14
2026-02-22T18:09:05Z,SpotifyHonorific,554,1.6.3,14
2026-02-22T18:09:05Z,JobAutoSwitcher,1167,1.2.0,14
2026-02-22T18:09:05Z,RetainerInventoryPrice,20,1.0.0,14
2026-02-23T00:28:41Z,SpotifyHonorific,556,1.6.3,14
2026-02-23T00:28:41Z,JobAutoSwitcher,1169,1.2.0,14
2026-02-23T06:27:59Z,SpotifyHonorific,561,1.6.3,14
2026-02-23T06:27:59Z,JobAutoSwitcher,1170,1.2.0,14
2026-02-23T12:16:22Z,SpotifyHonorific,563,1.6.3,14
2026-02-23T12:16:22Z,JobAutoSwitcher,1175,1.2.0,14
2026-02-23T18:24:12Z,SpotifyHonorific,566,1.6.3,14
2026-02-23T18:24:12Z,JobAutoSwitcher,1179,1.2.0,14
2026-02-24T00:27:39Z,SpotifyHonorific,568,1.6.3,14
2026-02-24T00:27:39Z,JobAutoSwitcher,1182,1.2.0,14
2026-02-24T04:34:19Z,SpotifyHonorific,568,1.6.4,14
2026-02-24T06:24:56Z,SpotifyHonorific,586,1.6.4,14
2026-02-24T06:24:56Z,JobAutoSwitcher,1184,1.2.0,14
2026-02-24T12:17:26Z,SpotifyHonorific,597,1.6.4,14
2026-02-24T12:17:26Z,JobAutoSwitcher,1189,1.2.0,14
2026-02-24T18:23:04Z,SpotifyHonorific,611,1.6.4,14
2026-02-24T18:23:04Z,JobAutoSwitcher,1191,1.2.0,14
2026-02-25T00:30:27Z,SpotifyHonorific,628,1.6.4,14
2026-02-25T00:30:27Z,JobAutoSwitcher,1192,1.2.0,14
2026-02-25T06:27:11Z,SpotifyHonorific,645,1.6.4,14
2026-02-25T06:27:11Z,JobAutoSwitcher,1197,1.2.0,14
2026-02-25T12:16:38Z,SpotifyHonorific,649,1.6.4,14
2026-02-25T12:16:38Z,JobAutoSwitcher,1199,1.2.0,14
2026-02-25T18:25:28Z,SpotifyHonorific,656,1.6.4,14
2026-02-25T18:25:28Z,JobAutoSwitcher,1204,1.2.0,14
2026-02-26T00:25:59Z,SpotifyHonorific,661,1.6.4,14
2026-02-26T00:25:59Z,JobAutoSwitcher,1207,1.2.0,14
2026-02-26T06:24:02Z,SpotifyHonorific,668,1.6.4,14
2026-02-26T06:24:02Z,JobAutoSwitcher,1209,1.2.0,14
2026-02-26T06:24:02Z,RetainerInventoryPrice,21,1.0.0,14
2026-02-26T12:17:16Z,SpotifyHonorific,669,1.6.4,14
2026-02-26T12:17:16Z,JobAutoSwitcher,1212,1.2.0,14
2026-02-26T18:18:29Z,SpotifyHonorific,671,1.6.4,14
2026-02-26T18:18:29Z,JobAutoSwitcher,1215,1.2.0,14
2026-02-27T00:28:51Z,SpotifyHonorific,681,1.6.4,14
2026-02-27T00:28:51Z,JobAutoSwitcher,1220,1.2.0,14
2026-02-27T06:20:23Z,SpotifyHonorific,690,1.6.4,14
2026-02-27T06:20:23Z,JobAutoSwitcher,1234,1.2.0,14
2026-02-27T12:13:32Z,SpotifyHonorific,696,1.6.4,14
2026-02-27T12:13:32Z,JobAutoSwitcher,1239,1.2.0,14
2026-02-27T18:13:40Z,SpotifyHonorific,699,1.6.4,14
2026-02-27T18:13:40Z,JobAutoSwitcher,1247,1.2.0,14
2026-02-28T00:24:44Z,SpotifyHonorific,705,1.6.4,14
2026-02-28T00:24:44Z,JobAutoSwitcher,1256,1.2.0,14
2026-02-28T06:10:20Z,SpotifyHonorific,713,1.6.4,14
2026-02-28T06:10:20Z,JobAutoSwitcher,1276,1.2.0,14
2026-02-28T12:09:49Z,SpotifyHonorific,715,1.6.4,14
2026-02-28T12:09:49Z,JobAutoSwitcher,1284,1.2.0,14
2026-02-28T18:08:04Z,SpotifyHonorific,716,1.6.4,14
2026-02-28T18:08:04Z,JobAutoSwitcher,1295,1.2.0,14
2026-03-01T00:31:10Z,SpotifyHonorific,723,1.6.4,14
2026-03-01T00:31:10Z,JobAutoSwitcher,1308,1.2.0,14
2026-03-01T06:17:38Z,SpotifyHonorific,727,1.6.4,14
2026-03-01T06:17:38Z,JobAutoSwitcher,1320,1.2.0,14
2026-03-01T12:10:08Z,SpotifyHonorific,730,1.6.4,14
2026-03-01T12:10:08Z,JobAutoSwitcher,1332,1.2.0,14
2026-03-01T18:08:26Z,JobAutoSwitcher,1345,1.2.0,14
2026-03-02T00:27:39Z,SpotifyHonorific,741,1.6.4,14
2026-03-02T00:27:39Z,JobAutoSwitcher,1359,1.2.0,14
2026-03-02T06:21:59Z,SpotifyHonorific,746,1.6.4,14
2026-03-02T06:21:59Z,JobAutoSwitcher,1364,1.2.0,14
2026-03-02T12:14:02Z,SpotifyHonorific,748,1.6.4,14
2026-03-02T12:14:02Z,JobAutoSwitcher,1374,1.2.0,14
2026-03-02T18:16:28Z,JobAutoSwitcher,1378,1.2.0,14
2026-03-03T00:28:43Z,SpotifyHonorific,750,1.6.4,14
2026-03-03T00:28:43Z,JobAutoSwitcher,1388,1.2.0,14
2026-03-03T06:19:26Z,SpotifyHonorific,752,1.6.4,14
2026-03-03T06:19:26Z,JobAutoSwitcher,1392,1.2.0,14
2026-03-03T12:14:06Z,JobAutoSwitcher,1393,1.2.0,14
2026-03-03T18:17:30Z,JobAutoSwitcher,1394,1.2.0,14
2026-03-04T00:27:31Z,SpotifyHonorific,756,1.6.4,14
2026-03-04T00:27:31Z,JobAutoSwitcher,1413,1.2.0,14
2026-03-04T06:17:55Z,SpotifyHonorific,760,1.6.4,14
2026-03-04T06:17:55Z,JobAutoSwitcher,1434,1.2.0,14
2026-03-04T12:13:18Z,SpotifyHonorific,761,1.6.4,14
2026-03-04T12:13:18Z,JobAutoSwitcher,1450,1.2.0,14
2026-03-04T18:16:23Z,SpotifyHonorific,762,1.6.4,14
2026-03-04T18:16:23Z,JobAutoSwitcher,1467,1.2.0,14
2026-03-05T00:28:21Z,SpotifyHonorific,768,1.6.4,14
2026-03-05T00:28:21Z,JobAutoSwitcher,29,1.2.0,14
2026-03-05T06:19:05Z,SpotifyHonorific,769,1.6.4,14
2026-03-05T06:19:05Z,JobAutoSwitcher,1490,1.2.0,14
2026-03-05T12:15:01Z,JobAutoSwitcher,1498,1.2.0,14
2026-03-05T18:38:55Z,SpotifyHonorific,771,1.6.4,14
2026-03-05T18:38:55Z,JobAutoSwitcher,1509,1.2.0,14
2026-03-06T00:32:17Z,SpotifyHonorific,772,1.6.4,14
2026-03-06T00:32:17Z,JobAutoSwitcher,1522,1.2.0,14
2026-03-06T06:17:37Z,SpotifyHonorific,776,1.6.4,14
2026-03-06T06:17:37Z,JobAutoSwitcher,1531,1.2.0,14
2026-03-06T12:12:45Z,SpotifyHonorific,778,1.6.4,14
2026-03-06T12:12:45Z,JobAutoSwitcher,1538,1.2.0,14
2026-03-06T18:14:17Z,JobAutoSwitcher,1543,1.2.0,14
2026-03-07T00:27:10Z,SpotifyHonorific,780,1.6.4,14
2026-03-07T00:27:10Z,JobAutoSwitcher,1553,1.2.0,14
2026-03-07T06:12:15Z,SpotifyHonorific,783,1.6.4,14
2026-03-07T06:12:15Z,JobAutoSwitcher,1568,1.2.0,14
2026-03-07T12:09:43Z,SpotifyHonorific,784,1.6.4,14
2026-03-07T12:09:43Z,JobAutoSwitcher,1573,1.2.0,14
2026-03-07T18:08:14Z,SpotifyHonorific,787,1.6.4,14
2026-03-07T18:08:14Z,JobAutoSwitcher,1581,1.2.0,14
2026-03-08T00:28:08Z,SpotifyHonorific,790,1.6.4,14
2026-03-08T00:28:08Z,JobAutoSwitcher,1592,1.2.0,14
2026-03-08T06:15:41Z,SpotifyHonorific,792,1.6.4,14
2026-03-08T06:15:41Z,JobAutoSwitcher,1599,1.2.0,14
2026-03-08T12:10:13Z,JobAutoSwitcher,1610,1.2.0,14
2026-03-08T18:08:35Z,SpotifyHonorific,793,1.6.4,14
2026-03-08T18:08:35Z,JobAutoSwitcher,1622,1.2.0,14
2026-03-09T00:28:10Z,SpotifyHonorific,794,1.6.4,14
2026-03-09T00:28:10Z,JobAutoSwitcher,1630,1.2.0,14
2026-03-09T06:25:04Z,SpotifyHonorific,798,1.6.4,14
2026-03-09T06:25:04Z,JobAutoSwitcher,1635,1.2.0,14
2026-03-09T12:14:37Z,JobAutoSwitcher,1641,1.2.0,14
2026-03-09T18:19:06Z,SpotifyHonorific,800,1.6.4,14
2026-03-09T18:19:06Z,JobAutoSwitcher,1650,1.2.0,14
2026-03-10T00:25:25Z,SpotifyHonorific,802,1.6.4,14
2026-03-10T00:25:25Z,JobAutoSwitcher,1661,1.2.0,14
2026-03-10T04:31:04Z,SpotifyHonorific,802,1.6.5,14
2026-03-10T06:17:53Z,SpotifyHonorific,814,1.6.5,14
2026-03-10T06:17:53Z,JobAutoSwitcher,1672,1.2.0,14
2026-03-10T12:14:27Z,SpotifyHonorific,827,1.6.5,14
2026-03-10T12:14:27Z,JobAutoSwitcher,1677,1.2.0,14
2026-03-10T18:18:48Z,SpotifyHonorific,845,1.6.5,14
2026-03-10T18:18:48Z,JobAutoSwitcher,1682,1.2.0,14
2026-03-11T00:25:15Z,SpotifyHonorific,863,1.6.5,14
2026-03-11T00:25:15Z,JobAutoSwitcher,1693,1.2.0,14
2026-03-11T06:19:44Z,SpotifyHonorific,876,1.6.5,14
2026-03-11T06:19:44Z,JobAutoSwitcher,1700,1.2.0,14
2026-03-11T18:20:59Z,SpotifyHonorific,883,1.6.5,14
2026-03-11T18:20:59Z,JobAutoSwitcher,1705,1.2.0,14
2026-03-12T00:23:58Z,SpotifyHonorific,906,1.6.5,14
2026-03-12T00:23:58Z,JobAutoSwitcher,1710,1.2.0,14
2026-03-12T06:20:48Z,SpotifyHonorific,925,1.6.5,14
2026-03-12T06:20:48Z,JobAutoSwitcher,1724,1.2.0,14
2026-03-12T12:13:30Z,SpotifyHonorific,931,1.6.5,14
2026-03-12T12:13:30Z,JobAutoSwitcher,1734,1.2.0,14
2026-03-12T18:19:51Z,SpotifyHonorific,937,1.6.5,14
2026-03-12T18:19:51Z,JobAutoSwitcher,1741,1.2.0,14
2026-03-13T00:28:15Z,SpotifyHonorific,940,1.6.5,14
2026-03-13T00:28:15Z,JobAutoSwitcher,1755,1.2.0,14
2026-03-13T06:20:03Z,SpotifyHonorific,946,1.6.5,14
2026-03-13T06:20:03Z,JobAutoSwitcher,1761,1.2.0,14
2026-03-13T12:14:03Z,SpotifyHonorific,947,1.6.5,14
2026-03-13T12:14:03Z,JobAutoSwitcher,1769,1.2.0,14
2026-03-13T18:13:10Z,SpotifyHonorific,950,1.6.5,14
2026-03-13T18:13:10Z,JobAutoSwitcher,1775,1.2.0,14
2026-03-14T00:25:40Z,SpotifyHonorific,953,1.6.5,14
2026-03-14T00:25:40Z,JobAutoSwitcher,1786,1.2.0,14
2026-03-14T06:17:51Z,SpotifyHonorific,954,1.6.5,14
2026-03-14T06:17:51Z,JobAutoSwitcher,1796,1.2.0,14
2026-03-14T12:10:42Z,SpotifyHonorific,955,1.6.5,14
2026-03-14T12:10:42Z,JobAutoSwitcher,1801,1.2.0,14
2026-03-14T18:09:59Z,JobAutoSwitcher,1814,1.2.0,14
2026-03-15T00:32:54Z,SpotifyHonorific,956,1.6.5,14
2026-03-15T00:32:54Z,JobAutoSwitcher,1827,1.2.0,14
2026-03-15T06:24:02Z,SpotifyHonorific,957,1.6.5,14
2026-03-15T06:24:02Z,JobAutoSwitcher,1836,1.2.0,14
2026-03-15T12:12:10Z,JobAutoSwitcher,1843,1.2.0,14
2026-03-15T18:10:21Z,SpotifyHonorific,959,1.6.5,14
2026-03-15T18:10:21Z,JobAutoSwitcher,1857,1.2.0,14
2026-03-16T00:32:25Z,SpotifyHonorific,960,1.6.5,14
2026-03-16T00:32:25Z,JobAutoSwitcher,1870,1.2.0,14
2026-03-16T06:35:37Z,SpotifyHonorific,961,1.6.5,14
2026-03-16T06:35:37Z,JobAutoSwitcher,1881,1.2.0,14
2026-03-16T12:20:24Z,JobAutoSwitcher,1884,1.2.0,14
2026-03-16T18:23:10Z,JobAutoSwitcher,1896,1.2.0,14
2026-03-17T00:28:11Z,SpotifyHonorific,962,1.6.5,14
2026-03-17T00:28:11Z,JobAutoSwitcher,1907,1.2.0,14
2026-03-17T04:33:41Z,SpotifyHonorific,962,1.6.6,14
2026-03-17T06:26:18Z,SpotifyHonorific,974,1.6.6,14
2026-03-17T06:26:18Z,JobAutoSwitcher,1918,1.2.0,14
2026-03-17T12:19:12Z,SpotifyHonorific,982,1.6.6,14
2026-03-17T12:19:12Z,JobAutoSwitcher,1923,1.2.0,14
2026-03-17T18:22:35Z,SpotifyHonorific,991,1.6.6,14
2026-03-17T18:22:35Z,JobAutoSwitcher,1935,1.2.0,14
2026-03-18T00:29:54Z,SpotifyHonorific,998,1.6.6,14
2026-03-18T00:29:54Z,JobAutoSwitcher,1948,1.2.0,14
2026-03-18T06:27:01Z,SpotifyHonorific,1002,1.6.6,14
2026-03-18T06:27:01Z,JobAutoSwitcher,1958,1.2.0,14
2026-03-18T12:20:10Z,SpotifyHonorific,1007,1.6.6,14
2026-03-18T12:20:10Z,JobAutoSwitcher,1963,1.2.0,14
2026-03-18T18:23:25Z,SpotifyHonorific,1008,1.6.6,14
2026-03-18T18:23:25Z,JobAutoSwitcher,1970,1.2.0,14
2026-03-19T00:29:54Z,SpotifyHonorific,1018,1.6.6,14
2026-03-19T00:29:54Z,JobAutoSwitcher,1977,1.2.0,14
2026-03-19T06:24:16Z,SpotifyHonorific,1023,1.6.6,14
2026-03-19T06:24:16Z,JobAutoSwitcher,1985,1.2.0,14
2026-03-19T12:14:52Z,SpotifyHonorific,1025,1.6.6,14
2026-03-19T12:14:52Z,JobAutoSwitcher,1992,1.2.0,14
2026-03-19T12:14:52Z,RetainerInventoryPrice,22,1.0.0,14
2026-03-19T18:20:31Z,JobAutoSwitcher,1999,1.2.0,14
2026-03-20T00:28:58Z,SpotifyHonorific,1032,1.6.6,14
2026-03-20T00:28:58Z,JobAutoSwitcher,2011,1.2.0,14
2026-03-20T06:21:50Z,SpotifyHonorific,1038,1.6.6,14
2026-03-20T06:21:50Z,JobAutoSwitcher,2019,1.2.0,14
2026-03-20T12:13:44Z,SpotifyHonorific,1039,1.6.6,14
2026-03-20T12:13:44Z,JobAutoSwitcher,2026,1.2.0,14
2026-03-20T18:15:08Z,SpotifyHonorific,1042,1.6.6,14
2026-03-20T18:15:08Z,JobAutoSwitcher,2031,1.2.0,14
2026-03-21T00:27:05Z,SpotifyHonorific,1044,1.6.6,14
2026-03-21T00:27:05Z,JobAutoSwitcher,2040,1.2.0,14
2026-03-21T06:15:19Z,SpotifyHonorific,1050,1.6.6,14
2026-03-21T06:15:19Z,JobAutoSwitcher,2047,1.2.0,14
2026-03-21T12:10:08Z,JobAutoSwitcher,2058,1.2.0,14
2026-03-21T18:09:20Z,SpotifyHonorific,1055,1.6.6,14
2026-03-21T18:09:20Z,JobAutoSwitcher,2068,1.2.0,14
2026-03-22T00:30:06Z,SpotifyHonorific,1058,1.6.6,14
2026-03-22T00:30:06Z,JobAutoSwitcher,2072,1.2.0,14
2026-03-22T06:19:56Z,SpotifyHonorific,1060,1.6.6,14
2026-03-22T06:19:56Z,JobAutoSwitcher,2082,1.2.0,14
2026-03-22T12:10:50Z,JobAutoSwitcher,2088,1.2.0,14
2026-03-22T18:09:49Z,SpotifyHonorific,1063,1.6.6,14
2026-03-22T18:09:49Z,JobAutoSwitcher,2097,1.2.0,14
2026-03-23T00:31:35Z,SpotifyHonorific,1065,1.6.6,14
2026-03-23T00:31:35Z,JobAutoSwitcher,2103,1.2.0,14
2026-03-23T06:29:45Z,SpotifyHonorific,1074,1.6.6,14
2026-03-23T06:29:45Z,JobAutoSwitcher,2112,1.2.0,14
2026-03-23T12:18:57Z,JobAutoSwitcher,2117,1.2.0,14
2026-03-23T18:19:56Z,SpotifyHonorific,1077,1.6.6,14
2026-03-23T18:19:56Z,JobAutoSwitcher,2120,1.2.0,14
2026-03-24T00:26:12Z,JobAutoSwitcher,2129,1.2.0,14
2026-03-24T04:34:48Z,SpotifyHonorific,1077,1.6.7,14
2026-03-24T06:26:55Z,SpotifyHonorific,1086,1.6.7,14
2026-03-24T06:26:55Z,JobAutoSwitcher,2136,1.2.0,14
2026-03-24T12:19:51Z,SpotifyHonorific,1097,1.6.7,14
2026-03-24T18:22:46Z,SpotifyHonorific,1104,1.6.7,14
2026-03-24T18:22:46Z,JobAutoSwitcher,2138,1.2.0,14
2026-03-25T00:29:30Z,SpotifyHonorific,1152,1.6.7,14
2026-03-25T00:29:30Z,JobAutoSwitcher,2148,1.2.0,14
2026-03-25T06:26:02Z,SpotifyHonorific,1170,1.6.7,14
2026-03-25T06:26:02Z,JobAutoSwitcher,2156,1.2.0,14
2026-03-25T12:19:03Z,SpotifyHonorific,1171,1.6.7,14
2026-03-25T12:19:03Z,JobAutoSwitcher,2167,1.2.0,14
2026-03-25T18:22:40Z,SpotifyHonorific,1178,1.6.7,14
2026-03-25T18:22:40Z,JobAutoSwitcher,2173,1.2.0,14
2026-03-26T00:31:58Z,SpotifyHonorific,1184,1.6.7,14
2026-03-26T00:31:58Z,JobAutoSwitcher,2181,1.2.0,14
2026-03-26T06:28:59Z,SpotifyHonorific,1194,1.6.7,14
2026-03-26T06:28:59Z,JobAutoSwitcher,2189,1.2.0,14
2026-03-26T12:22:28Z,SpotifyHonorific,1199,1.6.7,14
2026-03-26T12:22:28Z,JobAutoSwitcher,2195,1.2.0,14
2026-03-26T18:24:27Z,SpotifyHonorific,1201,1.6.7,14
2026-03-26T18:24:27Z,JobAutoSwitcher,2205,1.2.0,14
2026-03-27T00:31:44Z,SpotifyHonorific,1209,1.6.7,14
2026-03-27T00:31:44Z,JobAutoSwitcher,2211,1.2.0,14
2026-03-27T06:30:17Z,SpotifyHonorific,1214,1.6.7,14
2026-03-27T06:30:17Z,JobAutoSwitcher,2216,1.2.0,14
2026-03-27T12:17:58Z,SpotifyHonorific,1215,1.6.7,14
2026-03-27T12:17:58Z,JobAutoSwitcher,2219,1.2.0,14
2026-03-27T18:21:20Z,SpotifyHonorific,1220,1.6.7,14
2026-03-27T18:21:20Z,JobAutoSwitcher,2226,1.2.0,14
2026-03-28T00:29:41Z,SpotifyHonorific,1225,1.6.7,14
2026-03-28T00:29:41Z,JobAutoSwitcher,2235,1.2.0,14
2026-03-28T00:29:41Z,FoxyJumpscare,24,1.3.2,14
2026-03-28T06:23:42Z,SpotifyHonorific,1233,1.6.7,14
2026-03-28T06:23:42Z,JobAutoSwitcher,2238,1.2.0,14
2026-03-28T06:23:42Z,FoxyJumpscare,25,1.3.2,14
2026-03-28T12:12:50Z,SpotifyHonorific,1238,1.6.7,14
2026-03-28T12:12:50Z,JobAutoSwitcher,2245,1.2.0,14
2026-03-28T18:10:44Z,SpotifyHonorific,1240,1.6.7,14
2026-03-28T18:10:44Z,JobAutoSwitcher,2256,1.2.0,14
2026-03-29T00:33:21Z,SpotifyHonorific,1244,1.6.7,14
2026-03-29T00:33:21Z,JobAutoSwitcher,2270,1.2.0,14
2026-03-29T06:27:47Z,SpotifyHonorific,1250,1.6.7,14
2026-03-29T06:27:47Z,JobAutoSwitcher,2274,1.2.0,14
2026-03-29T12:13:26Z,SpotifyHonorific,1253,1.6.7,14
2026-03-29T12:13:26Z,JobAutoSwitcher,2277,1.2.0,14
2026-03-29T18:11:35Z,SpotifyHonorific,1257,1.6.7,14
2026-03-29T18:11:35Z,JobAutoSwitcher,2282,1.2.0,14
2026-03-30T00:33:17Z,SpotifyHonorific,1259,1.6.7,14
2026-03-30T00:33:17Z,JobAutoSwitcher,2290,1.2.0,14
2026-03-30T06:41:13Z,SpotifyHonorific,1261,1.6.7,14
2026-03-30T06:41:13Z,JobAutoSwitcher,2302,1.2.0,14
2026-03-30T12:22:25Z,SpotifyHonorific,1264,1.6.7,14
2026-03-30T12:22:25Z,JobAutoSwitcher,2309,1.2.0,14
2026-03-30T18:22:19Z,SpotifyHonorific,1267,1.6.7,14
2026-03-30T18:22:19Z,JobAutoSwitcher,2316,1.2.0,14
2026-03-31T00:32:34Z,SpotifyHonorific,1272,1.6.7,14
2026-03-31T00:32:34Z,JobAutoSwitcher,2328,1.2.0,14
2026-03-31T06:32:48Z,SpotifyHonorific,1273,1.6.7,14
2026-03-31T06:32:48Z,JobAutoSwitcher,2341,1.2.0,14
2026-03-31T12:22:46Z,SpotifyHonorific,1275,1.6.7,14
2026-03-31T12:22:46Z,JobAutoSwitcher,2349,1.2.0,14
2026-03-31T18:22:30Z,SpotifyHonorific,1279,1.6.7,14
2026-03-31T18:22:30Z,JobAutoSwitcher,2357,1.2.0,14
2026-04-01T00:35:46Z,SpotifyHonorific,1283,1.6.7,14
2026-04-01T00:35:46Z,JobAutoSwitcher,2369,1.2.0,14
2026-04-01T06:37:58Z,SpotifyHonorific,1286,1.6.7,14
2026-04-01T06:37:58Z,JobAutoSwitcher,2378,1.2.0,14
2026-04-01T12:22:58Z,SpotifyHonorific,1291,1.6.7,14
2026-04-01T12:22:58Z,JobAutoSwitcher,2380,1.2.0,14
2026-04-01T18:21:35Z,SpotifyHonorific,1294,1.6.7,14
2026-04-01T18:21:35Z,JobAutoSwitcher,2391,1.2.0,14
2026-04-02T00:30:30Z,SpotifyHonorific,1300,1.6.7,14
2026-04-02T00:30:30Z,JobAutoSwitcher,2402,1.2.0,14
2026-04-02T06:29:52Z,SpotifyHonorific,1303,1.6.7,14
2026-04-02T06:29:52Z,JobAutoSwitcher,2411,1.2.0,14
2026-04-02T12:22:00Z,SpotifyHonorific,1307,1.6.7,14
2026-04-02T12:22:00Z,JobAutoSwitcher,2415,1.2.0,14
2026-04-02T18:20:32Z,SpotifyHonorific,1309,1.6.7,14
2026-04-02T18:20:32Z,JobAutoSwitcher,2422,1.2.0,14
2026-04-03T00:31:58Z,SpotifyHonorific,1313,1.6.7,14
2026-04-03T00:31:58Z,JobAutoSwitcher,2429,1.2.0,14
2026-04-03T06:29:42Z,SpotifyHonorific,1316,1.6.7,14
2026-04-03T06:29:42Z,JobAutoSwitcher,2434,1.2.0,14
2026-04-03T12:16:40Z,SpotifyHonorific,1320,1.6.7,14
2026-04-03T12:16:40Z,JobAutoSwitcher,2436,1.2.0,14
2026-04-03T18:15:04Z,JobAutoSwitcher,2441,1.2.0,14
2026-04-04T00:30:05Z,SpotifyHonorific,1323,1.6.7,14
2026-04-04T00:30:05Z,JobAutoSwitcher,2452,1.2.0,14
2026-04-04T06:25:06Z,SpotifyHonorific,1326,1.6.7,14
2026-04-04T06:25:06Z,JobAutoSwitcher,2457,1.2.0,14
2026-04-04T12:13:17Z,SpotifyHonorific,1328,1.6.7,14
2026-04-04T12:13:17Z,JobAutoSwitcher,2460,1.2.0,14
2026-04-04T18:11:15Z,SpotifyHonorific,1333,1.6.7,14
2026-04-04T18:11:15Z,JobAutoSwitcher,2469,1.2.0,14
2026-04-05T00:33:50Z,SpotifyHonorific,1335,1.6.7,14
2026-04-05T00:33:50Z,JobAutoSwitcher,2477,1.2.0,14
2026-04-05T06:29:45Z,SpotifyHonorific,1337,1.6.7,14
2026-04-05T06:29:45Z,JobAutoSwitcher,2483,1.2.0,14
2026-04-05T12:13:34Z,SpotifyHonorific,1339,1.6.7,14
2026-04-05T12:13:34Z,JobAutoSwitcher,2492,1.2.0,14
2026-04-05T18:12:27Z,SpotifyHonorific,1341,1.6.7,14
2026-04-05T18:12:27Z,JobAutoSwitcher,2507,1.2.0,14
2026-04-06T00:33:23Z,SpotifyHonorific,1350,1.6.7,14
2026-04-06T00:33:23Z,JobAutoSwitcher,2522,1.2.0,14
2026-04-06T06:41:36Z,SpotifyHonorific,1355,1.6.7,14
2026-04-06T06:41:36Z,JobAutoSwitcher,2532,1.2.0,14
2026-04-06T12:21:22Z,SpotifyHonorific,1356,1.6.7,14
2026-04-06T12:21:22Z,JobAutoSwitcher,2542,1.2.0,14
2026-04-06T18:21:51Z,SpotifyHonorific,1358,1.6.7,14
2026-04-06T18:21:51Z,JobAutoSwitcher,2551,1.2.0,14
2026-04-07T00:33:14Z,SpotifyHonorific,1362,1.6.7,14
2026-04-07T00:33:14Z,JobAutoSwitcher,2560,1.2.0,14
2026-04-07T06:34:44Z,SpotifyHonorific,1363,1.6.7,14
2026-04-07T06:34:44Z,JobAutoSwitcher,2566,1.2.0,14
2026-04-07T12:23:13Z,JobAutoSwitcher,2572,1.2.0,14
2026-04-07T18:21:41Z,SpotifyHonorific,1370,1.6.7,14
2026-04-07T18:21:41Z,JobAutoSwitcher,2581,1.2.0,14
2026-04-08T00:33:49Z,SpotifyHonorific,1374,1.6.7,14
2026-04-08T00:33:49Z,JobAutoSwitcher,2589,1.2.0,14
2026-04-08T06:36:07Z,SpotifyHonorific,1379,1.6.7,14
2026-04-08T06:36:07Z,JobAutoSwitcher,2593,1.2.0,14
2026-04-08T12:22:43Z,SpotifyHonorific,1380,1.6.7,14
2026-04-08T12:22:43Z,JobAutoSwitcher,2597,1.2.0,14
2026-04-08T18:29:56Z,SpotifyHonorific,1382,1.6.7,14
2026-04-08T18:29:56Z,JobAutoSwitcher,2603,1.2.0,14
2026-04-09T00:27:59Z,SpotifyHonorific,1389,1.6.7,14
2026-04-09T00:27:59Z,JobAutoSwitcher,2613,1.2.0,14
2026-04-09T06:36:18Z,SpotifyHonorific,1391,1.6.7,14
2026-04-09T06:36:18Z,JobAutoSwitcher,2615,1.2.0,14
2026-04-09T12:25:48Z,JobAutoSwitcher,2623,1.2.0,14
2026-04-09T18:23:58Z,SpotifyHonorific,1393,1.6.7,14
2026-04-09T18:23:58Z,JobAutoSwitcher,2636,1.2.0,14
2026-04-10T00:32:30Z,SpotifyHonorific,1397,1.6.7,14
2026-04-10T00:32:30Z,JobAutoSwitcher,2651,1.2.0,14
2026-04-10T06:40:14Z,SpotifyHonorific,1401,1.6.7,14
2026-04-10T06:40:14Z,JobAutoSwitcher,2659,1.2.0,14
2026-04-10T12:19:50Z,SpotifyHonorific,1403,1.6.7,14
2026-04-10T12:19:50Z,JobAutoSwitcher,2664,1.2.0,14
2026-04-10T18:20:21Z,SpotifyHonorific,1404,1.6.7,14
2026-04-10T18:20:21Z,JobAutoSwitcher,2677,1.2.0,14
2026-04-11T00:31:43Z,SpotifyHonorific,1407,1.6.7,14
2026-04-11T00:31:43Z,JobAutoSwitcher,2685,1.2.0,14
2026-04-11T06:25:37Z,SpotifyHonorific,1412,1.6.7,14
2026-04-11T06:25:37Z,JobAutoSwitcher,2699,1.2.0,14
2026-04-11T12:13:34Z,SpotifyHonorific,1416,1.6.7,14
2026-04-11T12:13:34Z,JobAutoSwitcher,2704,1.2.0,14
2026-04-11T18:12:39Z,SpotifyHonorific,1422,1.6.7,14
2026-04-11T18:12:39Z,JobAutoSwitcher,2710,1.2.0,14
2026-04-12T00:35:45Z,SpotifyHonorific,1430,1.6.7,14
2026-04-12T00:35:45Z,JobAutoSwitcher,2726,1.2.0,14
2026-04-12T06:35:50Z,SpotifyHonorific,1433,1.6.7,14
2026-04-12T06:35:50Z,JobAutoSwitcher,2733,1.2.0,14
2026-04-12T12:15:12Z,SpotifyHonorific,1435,1.6.7,14
2026-04-12T12:15:12Z,JobAutoSwitcher,2743,1.2.0,14
2026-04-12T18:15:20Z,SpotifyHonorific,1437,1.6.7,14
2026-04-12T18:15:20Z,JobAutoSwitcher,2750,1.2.0,14
2026-04-13T00:36:11Z,SpotifyHonorific,1441,1.6.7,14
2026-04-13T00:36:11Z,JobAutoSwitcher,2754,1.2.0,14
2026-04-13T06:48:08Z,SpotifyHonorific,1447,1.6.7,14
2026-04-13T06:48:08Z,JobAutoSwitcher,2764,1.2.0,14
2026-04-13T12:26:50Z,SpotifyHonorific,1449,1.6.7,14
2026-04-13T12:26:50Z,JobAutoSwitcher,2768,1.2.0,14
2026-04-13T18:30:13Z,SpotifyHonorific,1452,1.6.7,14
2026-04-13T18:30:13Z,DiscordChatWebhook,11,1.1.0,14
2026-04-13T18:30:13Z,JobAutoSwitcher,2779,1.2.0,14
2026-04-14T00:37:59Z,SpotifyHonorific,1458,1.6.7,14
2026-04-14T00:37:59Z,DiscordChatWebhook,12,1.1.0,14
2026-04-14T00:37:59Z,JobAutoSwitcher,2785,1.2.0,14
2026-04-14T06:40:19Z,SpotifyHonorific,1462,1.6.7,14
2026-04-14T06:40:19Z,JobAutoSwitcher,2793,1.2.0,14
2026-04-14T12:25:30Z,JobAutoSwitcher,2798,1.2.0,14
2026-04-14T18:28:17Z,SpotifyHonorific,1465,1.6.7,14
2026-04-14T18:28:17Z,JobAutoSwitcher,2803,1.2.0,14
2026-04-15T00:38:31Z,SpotifyHonorific,1469,1.6.7,14
2026-04-15T00:38:31Z,JobAutoSwitcher,2810,1.2.0,14
2026-04-15T06:40:51Z,SpotifyHonorific,1471,1.6.7,14
2026-04-15T06:40:51Z,JobAutoSwitcher,2818,1.2.0,14
2026-04-15T12:25:27Z,SpotifyHonorific,1472,1.6.7,14
2026-04-15T12:25:27Z,JobAutoSwitcher,2820,1.2.0,14
2026-04-15T18:28:31Z,SpotifyHonorific,1474,1.6.7,14
2026-04-15T18:28:31Z,JobAutoSwitcher,2829,1.2.0,14
2026-04-16T00:39:03Z,SpotifyHonorific,1476,1.6.7,14
2026-04-16T00:39:03Z,JobAutoSwitcher,2837,1.2.0,14
2026-04-16T00:39:03Z,FoxyJumpscare,26,1.3.2,14
2026-04-16T06:41:51Z,SpotifyHonorific,1477,1.6.7,14
2026-04-16T06:41:51Z,JobAutoSwitcher,2842,1.2.0,14
2026-04-16T12:27:20Z,SpotifyHonorific,1481,1.6.7,14
2026-04-16T12:27:20Z,JobAutoSwitcher,2848,1.2.0,14
2026-04-16T12:27:20Z,FoxyJumpscare,27,1.3.2,14
2026-04-16T18:28:26Z,SpotifyHonorific,1482,1.6.7,14
2026-04-16T18:28:26Z,JobAutoSwitcher,2855,1.2.0,14
2026-04-16T21:27:01Z,SpotifyHonorific,1482,1.7.0,14
2026-04-16T23:37:49Z,SpotifyHonorific,1524,1.7.0,14
2026-04-16T23:37:49Z,JobAutoSwitcher,2861,1.2.0,14
2026-04-17T00:36:58Z,SpotifyHonorific,1536,1.7.0,14
2026-04-17T06:41:46Z,SpotifyHonorific,1585,1.7.0,14
2026-04-17T06:41:46Z,JobAutoSwitcher,2867,1.2.0,14
2026-04-17T12:23:54Z,SpotifyHonorific,1607,1.7.0,14
2026-04-17T12:23:54Z,JobAutoSwitcher,2876,1.2.0,14
2026-04-17T18:20:40Z,SpotifyHonorific,1638,1.7.0,14
2026-04-17T18:20:40Z,JobAutoSwitcher,2883,1.2.0,14
2026-04-18T00:33:31Z,SpotifyHonorific,1662,1.7.0,14
2026-04-18T00:33:31Z,JobAutoSwitcher,2893,1.2.0,14
2026-04-18T02:11:31Z,SpotifyHonorific,1662,1.8.0,14
2026-04-18T06:29:36Z,SpotifyHonorific,1717,1.8.0,14
2026-04-18T06:29:36Z,JobAutoSwitcher,2896,1.2.0,14
2026-04-18T06:29:36Z,RetainerInventoryPrice,23,1.0.0,14
2026-04-18T12:15:00Z,SpotifyHonorific,1743,1.8.0,14
2026-04-18T12:15:00Z,JobAutoSwitcher,2902,1.2.0,14
2026-04-18T18:15:32Z,SpotifyHonorific,1780,1.8.0,14
2026-04-18T18:15:32Z,JobAutoSwitcher,2909,1.2.0,14
2026-04-19T00:36:59Z,SpotifyHonorific,1822,1.8.0,14
2026-04-19T00:36:59Z,JobAutoSwitcher,2915,1.2.0,14
2026-04-19T06:37:57Z,SpotifyHonorific,1845,1.8.0,14
2026-04-19T06:37:57Z,JobAutoSwitcher,2922,1.2.0,14
2026-04-19T12:14:45Z,SpotifyHonorific,1857,1.8.0,14
2026-04-19T12:14:45Z,JobAutoSwitcher,2930,1.2.0,14
2026-04-19T18:15:51Z,SpotifyHonorific,1875,1.8.0,14
2026-04-19T18:15:51Z,JobAutoSwitcher,2940,1.2.0,14
2026-04-20T00:36:54Z,SpotifyHonorific,1894,1.8.0,14
2026-04-20T00:36:54Z,JobAutoSwitcher,2952,1.2.0,14
2026-04-20T06:49:26Z,SpotifyHonorific,1906,1.8.0,14
2026-04-20T06:49:26Z,JobAutoSwitcher,2953,1.2.0,14
2026-04-20T12:28:48Z,SpotifyHonorific,1911,1.8.0,14
2026-04-20T12:28:48Z,JobAutoSwitcher,2961,1.2.0,14
2026-04-20T18:23:39Z,SpotifyHonorific,1920,1.8.0,14
2026-04-20T18:23:39Z,JobAutoSwitcher,2971,1.2.0,14
2026-04-21T00:37:37Z,SpotifyHonorific,1928,1.8.0,14
2026-04-21T00:37:37Z,JobAutoSwitcher,2979,1.2.0,14
2026-04-21T06:42:00Z,SpotifyHonorific,1938,1.8.0,14
2026-04-21T06:42:00Z,JobAutoSwitcher,2986,1.2.0,14
2026-04-21T12:26:21Z,SpotifyHonorific,1944,1.8.0,14
2026-04-21T12:26:21Z,JobAutoSwitcher,2992,1.2.0,14
2026-04-21T18:26:27Z,SpotifyHonorific,1956,1.8.0,14
2026-04-21T18:26:27Z,JobAutoSwitcher,2999,1.2.0,14
2026-04-22T00:34:12Z,SpotifyHonorific,1967,1.8.0,14
2026-04-22T00:34:12Z,DiscordChatWebhook,13,1.1.0,14
2026-04-22T00:34:12Z,JobAutoSwitcher,3006,1.2.0,14
2026-04-22T06:41:33Z,SpotifyHonorific,1972,1.8.0,14
2026-04-22T06:41:33Z,JobAutoSwitcher,3013,1.2.0,14
2026-04-22T06:41:33Z,RetainerInventoryPrice,24,1.0.0,14
2026-04-22T12:25:44Z,SpotifyHonorific,1975,1.8.0,14
2026-04-22T12:25:44Z,JobAutoSwitcher,3018,1.2.0,14
2026-04-22T18:26:12Z,SpotifyHonorific,1982,1.8.0,14
2026-04-22T18:26:12Z,JobAutoSwitcher,3025,1.2.0,14
2026-04-23T00:39:32Z,SpotifyHonorific,1987,1.8.0,14
2026-04-23T00:39:32Z,JobAutoSwitcher,3030,1.2.0,14
2026-04-23T06:42:37Z,SpotifyHonorific,1992,1.8.0,14
2026-04-23T06:42:37Z,JobAutoSwitcher,3035,1.2.0,14
2026-04-23T12:25:50Z,SpotifyHonorific,1995,1.8.0,14
2026-04-23T12:25:50Z,RetainerInventoryPrice,25,1.0.0,14
2026-04-23T16:21:38Z,SpotifyHonorific,1995,1.9.0,14
2026-04-23T18:27:59Z,SpotifyHonorific,2029,1.9.0,14
2026-04-23T18:27:59Z,JobAutoSwitcher,3042,1.2.0,14
2026-04-23T22:50:09Z,SpotifyHonorific,2029,1.10.0,14
2026-04-24T00:39:22Z,SpotifyHonorific,2118,1.10.0,14
2026-04-24T00:39:22Z,JobAutoSwitcher,3048,1.2.0,14
2026-04-24T06:42:59Z,SpotifyHonorific,2173,1.10.0,14
2026-04-24T06:42:59Z,JobAutoSwitcher,3050,1.2.0,14
2026-04-24T12:25:13Z,SpotifyHonorific,2200,1.10.0,14
2026-04-24T12:25:13Z,JobAutoSwitcher,3055,1.2.0,14
2026-04-24T18:17:40Z,SpotifyHonorific,2226,1.10.0,14
2026-04-24T18:17:40Z,JobAutoSwitcher,3060,1.2.0,14
2026-04-25T00:02:07Z,SpotifyHonorific,2226,1.10.1,14
2026-04-25T00:35:34Z,SpotifyHonorific,2259,1.10.1,14
2026-04-25T00:35:34Z,JobAutoSwitcher,3070,1.2.0,14
2026-04-25T06:34:35Z,SpotifyHonorific,2323,1.10.1,14
2026-04-25T06:34:35Z,JobAutoSwitcher,3083,1.2.0,14
2026-04-25T12:16:51Z,SpotifyHonorific,2345,1.10.1,14
2026-04-25T12:16:51Z,JobAutoSwitcher,3097,1.2.0,14
2026-04-25T18:16:38Z,SpotifyHonorific,2382,1.10.1,14
2026-04-25T18:16:38Z,JobAutoSwitcher,3111,1.2.0,14
2026-04-25T18:16:38Z,FoxyJumpscare,28,1.3.2,14
2026-04-26T00:39:09Z,SpotifyHonorific,2414,1.10.1,14
2026-04-26T00:39:09Z,JobAutoSwitcher,3135,1.2.0,14
2026-04-26T06:41:36Z,SpotifyHonorific,2435,1.10.1,14
2026-04-26T06:41:36Z,JobAutoSwitcher,3145,1.2.0,14
2026-04-26T12:18:53Z,SpotifyHonorific,2448,1.10.1,14
2026-04-26T12:18:53Z,JobAutoSwitcher,3156,1.2.0,14
2026-04-26T18:17:24Z,SpotifyHonorific,2467,1.10.1,14
2026-04-26T18:17:24Z,JobAutoSwitcher,3168,1.2.0,14
2026-04-26T18:17:24Z,ProvokeCounter,0,1.0.0,14
2026-04-26T19:05:18Z,ProvokeCounter,0,1.1.0,14
2026-04-27T00:39:36Z,SpotifyHonorific,2492,1.10.1,14
2026-04-27T00:39:36Z,DiscordChatWebhook,14,1.1.0,14
2026-04-27T00:39:36Z,JobAutoSwitcher,3187,1.2.0,14
2026-04-27T00:39:36Z,ProvokeCounter,1,1.1.0,14
2026-04-27T06:57:34Z,SpotifyHonorific,2515,1.10.1,14
2026-04-27T06:57:34Z,JobAutoSwitcher,3202,1.2.0,14
2026-04-27T12:36:32Z,SpotifyHonorific,2534,1.10.1,14
2026-04-27T12:36:32Z,JobAutoSwitcher,3215,1.2.0,14
2026-04-27T18:31:18Z,SpotifyHonorific,2554,1.10.1,14
2026-04-27T18:31:18Z,DropLogger,0,1.0.0,13
2026-04-27T18:31:18Z,DiscordChatWebhook,0,1.1.0,14
2026-04-27T18:31:18Z,JobAutoSwitcher,3192,1.2.0,14
2026-04-27T18:31:18Z,RetainerInventoryPrice,0,1.0.0,14
2026-04-27T18:31:18Z,FoxyJumpscare,0,1.3.2,14
2026-04-27T18:31:18Z,ProvokeCounter,0,1.1.0,14
2026-04-28T00:42:12Z,SpotifyHonorific,2572,1.10.1,14
2026-04-28T00:42:12Z,DropLogger,3,1.0.0,13
2026-04-28T00:42:12Z,DiscordChatWebhook,14,1.1.0,14
2026-04-28T00:42:12Z,JobAutoSwitcher,3240,1.2.0,14
2026-04-28T00:42:12Z,RetainerInventoryPrice,25,1.0.0,14
2026-04-28T00:42:12Z,FoxyJumpscare,28,1.3.2,14
2026-04-28T00:42:12Z,ProvokeCounter,2,1.1.0,14
2026-04-28T06:58:44Z,SpotifyHonorific,2583,1.10.1,14
2026-04-28T06:58:44Z,JobAutoSwitcher,3247,1.2.0,14
2026-04-29T12:36:52Z,SpotifyHonorific,2584,1.10.1,14
2026-04-30T11:57:42Z,SpotifyHonorific,2584,1.11.0,14
2026-04-30T12:03:39Z,FoxyJumpscare,28,1.4.0,14
2026-04-30T12:07:07Z,ProvokeCounter,2,1.2.0,14
2026-04-30T12:11:23Z,JobAutoSwitcher,3247,1.3.0,14
2026-04-30T12:32:58Z,ProvokeCounter,2,1.2.1,14
2026-04-30T12:33:11Z,JobAutoSwitcher,3247,1.3.1,14
2026-04-30T12:34:47Z,FoxyJumpscare,28,1.4.1,14
2026-04-30T18:33:16Z,JobAutoSwitcher,3498,1.3.1,14
2026-04-30T19:50:07Z,SpotifyHonorific,2584,1.11.1,14
2026-05-01T00:46:05Z,JobAutoSwitcher,3712,1.3.1,14
2026-05-01T03:37:32+02:00,SpotifyHonorific,2584,1.11.1,15
2026-05-01T03:37:32+02:00,FoxyJumpscare,28,1.4.1,15
2026-05-01T03:50:21+02:00,SpotifyHonorific,2584,1.11.1.0,15
2026-05-01T03:50:21+02:00,FoxyJumpscare,28,1.4.1.0,15
2026-05-01T06:58:56Z,SpotifyHonorific,2684,1.11.1,15
2026-05-01T06:58:56Z,JobAutoSwitcher,3803,1.3.1,14
2026-05-01T06:58:56Z,FoxyJumpscare,31,1.4.1,15
2026-05-01T12:24:27Z,SpotifyHonorific,2737,1.11.1,15
2026-05-01T12:24:27Z,JobAutoSwitcher,3868,1.3.1,14
2026-05-01T12:24:27Z,FoxyJumpscare,32,1.4.1,15
2026-05-01T18:26:36Z,SpotifyHonorific,2796,1.11.1,15
2026-05-01T18:26:36Z,JobAutoSwitcher,3919,1.3.1,14
2026-05-01T20:39:24+02:00,DiscordChatWebhook,14,1.1.0,15
2026-05-01T20:39:24+02:00,JobAutoSwitcher,3919,1.3.1,15
2026-05-01T20:39:24+02:00,RetainerInventoryPrice,25,1.0.0,15
2026-05-01T20:39:24+02:00,ProvokeCounter,2,1.2.1,15
2026-05-02T00:41:39Z,SpotifyHonorific,2715,1.11.1,15
2026-05-02T00:41:39Z,JobAutoSwitcher,4610,1.3.1,15
2026-05-02T00:41:39Z,FoxyJumpscare,33,1.4.1,15
2026-05-02T00:41:39Z,ProvokeCounter,5,1.2.1,15
2026-05-02T06:42:54Z,SpotifyHonorific,2845,1.11.1,15
2026-05-02T06:42:54Z,JobAutoSwitcher,4855,1.3.1,15
2026-05-02T12:24:27+02:00,SpotifyHonorific,2845,1.11.1.0,15
2026-05-02T12:24:27+02:00,DropLogger,3,1.0.0.0,13
2026-05-02T12:24:27+02:00,DiscordChatWebhook,14,1.1.0.0,15
2026-05-02T12:24:27+02:00,JobAutoSwitcher,4855,1.3.1.0,15
2026-05-02T12:24:27+02:00,RetainerInventoryPrice,25,1.0.0.0,15
2026-05-02T12:24:27+02:00,FoxyJumpscare,33,1.4.1.0,15
2026-05-02T12:24:27+02:00,ProvokeCounter,5,1.2.1.0,15
2026-05-02T12:21:25Z,SpotifyHonorific,2929,1.11.1,15
2026-05-02T12:21:25Z,DropLogger,3,1.0.0,13
2026-05-02T12:21:25Z,DiscordChatWebhook,16,1.1.0,15
2026-05-02T12:21:25Z,JobAutoSwitcher,5021,1.3.1,15
2026-05-02T12:21:25Z,RetainerInventoryPrice,27,1.0.0,15
2026-05-02T12:21:25Z,FoxyJumpscare,34,1.4.1,15
2026-05-02T12:21:25Z,ProvokeCounter,8,1.2.1,15
2026-05-02T18:21:01Z,SpotifyHonorific,3066,1.11.1,15
2026-05-02T18:21:01Z,DiscordChatWebhook,17,1.1.0,15
2026-05-02T18:21:01Z,JobAutoSwitcher,5146,1.3.1,15
2026-05-02T18:21:01Z,RetainerInventoryPrice,28,1.0.0,15
2026-05-03T00:43:43Z,SpotifyHonorific,3240,1.11.1,15
2026-05-03T00:43:43Z,JobAutoSwitcher,5256,1.3.1,15
2026-05-03T00:43:43Z,FoxyJumpscare,35,1.4.1,15
2026-05-03T06:55:00Z,SpotifyHonorific,3374,1.11.1,15
2026-05-03T06:55:00Z,JobAutoSwitcher,5313,1.3.1,15
2026-05-03T12:21:08Z,SpotifyHonorific,3431,1.11.1,15
2026-05-03T12:21:08Z,DiscordChatWebhook,20,1.1.0,15
2026-05-03T12:21:08Z,JobAutoSwitcher,5357,1.3.1,15
2026-05-03T18:21:14Z,SpotifyHonorific,3545,1.11.1,15
2026-05-03T18:21:14Z,JobAutoSwitcher,5424,1.3.1,15
2026-05-04T00:42:50Z,SpotifyHonorific,3663,1.11.1,15
2026-05-04T00:42:50Z,JobAutoSwitcher,5485,1.3.1,15
2026-05-04T00:42:50Z,FoxyJumpscare,37,1.4.1,15
2026-05-04T07:06:37Z,SpotifyHonorific,3747,1.11.1,15
2026-05-04T07:06:37Z,JobAutoSwitcher,5524,1.3.1,15
2026-05-04T07:06:37Z,FoxyJumpscare,38,1.4.1,15
2026-05-04T10:04:07Z,DiscordChatWebhook,20,1.2.0.0,15
2026-05-04T10:04:53Z,SpotifyHonorific,3782,1.11.1,15
2026-05-04T10:04:53Z,DiscordChatWebhook,20,1.2.0,15
2026-05-04T10:04:53Z,JobAutoSwitcher,5536,1.3.1,15
2026-05-04T12:38:45Z,SpotifyHonorific,3806,1.11.1,15
2026-05-04T12:38:45Z,DiscordChatWebhook,21,1.2.0,15
2026-05-04T12:38:45Z,JobAutoSwitcher,5550,1.3.1,15
2026-05-04T18:36:13Z,SpotifyHonorific,3883,1.11.1,15
2026-05-04T18:36:13Z,DiscordChatWebhook,24,1.2.0,15
2026-05-04T18:36:13Z,JobAutoSwitcher,5589,1.3.1,15
2026-05-04T18:36:13Z,FoxyJumpscare,39,1.4.1,15
2026-05-05T00:40:13Z,SpotifyHonorific,4023,1.11.1,15
2026-05-05T00:40:13Z,DiscordChatWebhook,26,1.2.0,15
2026-05-05T00:40:13Z,JobAutoSwitcher,5631,1.3.1,15
2026-05-05T00:40:13Z,FoxyJumpscare,41,1.4.1,15
2026-05-05T06:50:07Z,SpotifyHonorific,4128,1.11.1,15
2026-05-05T06:50:07Z,DiscordChatWebhook,28,1.2.0,15
2026-05-05T06:50:07Z,JobAutoSwitcher,5676,1.3.1,15
2026-05-05T12:29:30Z,SpotifyHonorific,4184,1.11.1,15
2026-05-05T12:29:30Z,DiscordChatWebhook,30,1.2.0,15
2026-05-05T12:29:30Z,JobAutoSwitcher,5697,1.3.1,15
2026-05-05T18:34:21Z,SpotifyHonorific,4274,1.11.1,15
2026-05-05T18:34:21Z,DiscordChatWebhook,35,1.2.0,15
2026-05-05T18:34:21Z,JobAutoSwitcher,5731,1.3.1,15
2026-05-05T18:34:21Z,ProvokeCounter,10,1.2.1,15
2026-05-06T00:39:44Z,SpotifyHonorific,4369,1.11.1,15
2026-05-06T00:39:44Z,JobAutoSwitcher,5756,1.3.1,15
2026-05-06T00:39:44Z,FoxyJumpscare,43,1.4.1,15
2026-05-06T06:59:13Z,SpotifyHonorific,4433,1.11.1,15
2026-05-06T06:59:13Z,JobAutoSwitcher,5785,1.3.1,15
2026-05-06T12:41:40Z,SpotifyHonorific,4472,1.11.1,15
2026-05-06T12:41:40Z,JobAutoSwitcher,5805,1.3.1,15
2026-05-06T18:37:16Z,SpotifyHonorific,4527,1.11.1,15
2026-05-06T18:37:16Z,JobAutoSwitcher,5822,1.3.1,15
2026-05-06T18:37:16Z,FoxyJumpscare,44,1.4.1,15
2026-05-07T00:42:50Z,SpotifyHonorific,4634,1.11.1,15
2026-05-07T00:42:50Z,DiscordChatWebhook,38,1.2.0,15
2026-05-07T00:42:50Z,JobAutoSwitcher,5847,1.3.1,15
2026-05-07T07:04:01Z,SpotifyHonorific,4714,1.11.1,15
2026-05-07T07:04:01Z,DiscordChatWebhook,39,1.2.0,15
2026-05-07T07:04:01Z,JobAutoSwitcher,5875,1.3.1,15
2026-05-07T07:04:01Z,FoxyJumpscare,45,1.4.1,15
2026-05-07T12:42:11Z,SpotifyHonorific,4717,1.11.1,15
2026-05-07T18:37:46Z,SpotifyHonorific,4746,1.11.1,15
2026-05-07T18:37:46Z,JobAutoSwitcher,5880,1.3.1,15
2026-05-07T18:37:46Z,FoxyJumpscare,46,1.4.1,15
2026-05-07T21:37:04+02:00,RetainerInventoryPrice,28,1.1.0.0,15
2026-05-07T19:56:55Z,FoxyJumpscare,46,1.4.2.0,15
2026-05-07T21:58:13+02:00,RetainerInventoryPrice,28,1.2.0.0,15
2026-05-07T20:02:59Z,SpotifyHonorific,4746,1.11.2.0,15
2026-05-08T00:42:54Z,SpotifyHonorific,4923,1.11.2,15
2026-05-08T00:42:54Z,DiscordChatWebhook,48,1.2.0,15
2026-05-08T00:42:54Z,JobAutoSwitcher,5917,1.3.1,15
2026-05-08T00:42:54Z,RetainerInventoryPrice,36,1.2.0,15
2026-05-08T00:42:54Z,FoxyJumpscare,50,1.4.2,15
2026-05-08T06:40:03Z,SpotifyHonorific,5004,1.11.2,15
2026-05-08T06:40:03Z,DiscordChatWebhook,52,1.2.0,15
2026-05-08T06:40:03Z,JobAutoSwitcher,5945,1.3.1,15
2026-05-08T06:40:03Z,RetainerInventoryPrice,39,1.2.0,15
2026-05-08T06:40:03Z,FoxyJumpscare,52,1.4.2,15
2026-05-08T12:32:58Z,SpotifyHonorific,5068,1.11.2,15
2026-05-08T12:32:58Z,DiscordChatWebhook,55,1.2.0,15
2026-05-08T12:32:58Z,JobAutoSwitcher,5965,1.3.1,15
2026-05-08T18:33:08Z,SpotifyHonorific,5123,1.11.2,15
2026-05-08T18:33:08Z,JobAutoSwitcher,5999,1.3.1,15
2026-05-08T18:33:08Z,RetainerInventoryPrice,40,1.2.0,15
2026-05-09T00:43:39Z,SpotifyHonorific,5221,1.11.2,15
2026-05-09T00:43:39Z,DiscordChatWebhook,58,1.2.0,15
2026-05-09T00:43:39Z,JobAutoSwitcher,6025,1.3.1,15
2026-05-09T00:43:39Z,FoxyJumpscare,54,1.4.2,15
2026-05-09T06:46:57Z,SpotifyHonorific,5284,1.11.2,15
2026-05-09T06:46:57Z,JobAutoSwitcher,6044,1.3.1,15
2026-05-09T06:46:57Z,RetainerInventoryPrice,41,1.2.0,15
2026-05-09T12:22:58Z,SpotifyHonorific,5320,1.11.2,15
2026-05-09T12:22:58Z,JobAutoSwitcher,6063,1.3.1,15
2026-05-09T18:22:22Z,SpotifyHonorific,5392,1.11.2,15
2026-05-09T18:22:22Z,DiscordChatWebhook,59,1.2.0,15
2026-05-09T18:22:22Z,JobAutoSwitcher,6089,1.3.1,15
2026-05-09T18:22:22Z,RetainerInventoryPrice,45,1.2.0,15
2026-05-10T00:45:23Z,SpotifyHonorific,5456,1.11.2,15
2026-05-10T00:45:23Z,DiscordChatWebhook,62,1.2.0,15
2026-05-10T00:45:23Z,JobAutoSwitcher,6114,1.3.1,15
2026-05-10T00:45:23Z,FoxyJumpscare,56,1.4.2,15
2026-05-10T06:58:25Z,SpotifyHonorific,5500,1.11.2,15
2026-05-10T06:58:25Z,JobAutoSwitcher,6132,1.3.1,15
2026-05-10T12:22:43Z,SpotifyHonorific,5535,1.11.2,15
2026-05-10T12:22:43Z,JobAutoSwitcher,6146,1.3.1,15
2026-05-10T18:22:54Z,SpotifyHonorific,5610,1.11.2,15
2026-05-10T18:22:54Z,DiscordChatWebhook,66,1.2.0,15
2026-05-10T18:22:54Z,JobAutoSwitcher,6178,1.3.1,15
2026-05-10T18:22:54Z,RetainerInventoryPrice,47,1.2.0,15
2026-05-10T18:22:54Z,FoxyJumpscare,57,1.4.2,15
2026-05-11T00:45:41Z,SpotifyHonorific,5664,1.11.2,15
2026-05-11T00:45:41Z,DiscordChatWebhook,67,1.2.0,15
2026-05-11T00:45:41Z,JobAutoSwitcher,6205,1.3.1,15
2026-05-11T00:45:41Z,FoxyJumpscare,58,1.4.2,15
2026-05-11T07:17:25Z,SpotifyHonorific,5707,1.11.2,15
2026-05-11T07:17:25Z,JobAutoSwitcher,6226,1.3.1,15
2026-05-11T07:17:25Z,RetainerInventoryPrice,48,1.2.0,15
2026-05-11T13:03:58Z,SpotifyHonorific,5773,1.11.2,15
2026-05-11T13:03:58Z,DiscordChatWebhook,68,1.2.0,15
2026-05-11T13:03:58Z,JobAutoSwitcher,6237,1.3.1,15
2026-05-11T13:03:58Z,FoxyJumpscare,61,1.4.2,15
2026-05-11T18:41:11Z,SpotifyHonorific,5807,1.11.2,15
2026-05-11T18:41:11Z,DiscordChatWebhook,70,1.2.0,15
2026-05-11T18:41:11Z,JobAutoSwitcher,6245,1.3.1,15
2026-05-11T18:41:11Z,RetainerInventoryPrice,49,1.2.0,15
2026-05-12T00:41:29Z,SpotifyHonorific,5856,1.11.2,15
2026-05-12T00:41:29Z,DiscordChatWebhook,72,1.2.0,15
2026-05-12T00:41:29Z,JobAutoSwitcher,6259,1.3.1,15
2026-05-12T00:41:29Z,RetainerInventoryPrice,50,1.2.0,15
2026-05-12T00:41:29Z,ProvokeCounter,11,1.2.1,15
2026-05-12T07:03:09Z,SpotifyHonorific,5890,1.11.2,15
2026-05-12T07:03:09Z,JobAutoSwitcher,6279,1.3.1,15
2026-05-12T07:03:09Z,RetainerInventoryPrice,52,1.2.0,15
2026-05-12T12:44:56Z,SpotifyHonorific,5942,1.11.2,15
2026-05-12T12:44:56Z,DiscordChatWebhook,73,1.2.0,15
2026-05-12T12:44:56Z,JobAutoSwitcher,6296,1.3.1,15
2026-05-12T18:39:33Z,SpotifyHonorific,5976,1.11.2,15
2026-05-12T18:39:33Z,JobAutoSwitcher,6307,1.3.1,15
2026-05-12T18:39:33Z,RetainerInventoryPrice,54,1.2.0,15
2026-05-12T18:39:33Z,FoxyJumpscare,62,1.4.2,15
2026-05-13T00:46:05Z,SpotifyHonorific,6035,1.11.2,15
2026-05-13T00:46:05Z,JobAutoSwitcher,6322,1.3.1,15
2026-05-13T00:46:05Z,RetainerInventoryPrice,55,1.2.0,15
2026-05-13T00:46:05Z,FoxyJumpscare,64,1.4.2,15
2026-05-13T07:06:56Z,SpotifyHonorific,6075,1.11.2,15
2026-05-13T07:06:56Z,DiscordChatWebhook,74,1.2.0,15
2026-05-13T07:06:56Z,JobAutoSwitcher,6336,1.3.1,15
2026-05-13T07:06:56Z,FoxyJumpscare,65,1.4.2,15
2026-05-13T12:48:15Z,SpotifyHonorific,6092,1.11.2,15
2026-05-13T12:48:15Z,DiscordChatWebhook,75,1.2.0,15
2026-05-13T12:48:15Z,JobAutoSwitcher,6343,1.3.1,15
2026-05-13T12:48:15Z,FoxyJumpscare,67,1.4.2,15
2026-05-13T12:48:15Z,ProvokeCounter,12,1.2.1,15
2026-05-13T18:41:38Z,SpotifyHonorific,6132,1.11.2,15
2026-05-13T18:41:38Z,DiscordChatWebhook,76,1.2.0,15
2026-05-13T18:41:38Z,JobAutoSwitcher,6354,1.3.1,15
2026-05-13T18:41:38Z,FoxyJumpscare,68,1.4.2,15
2026-05-14T00:47:59Z,SpotifyHonorific,6216,1.11.2,15
2026-05-14T00:47:59Z,DiscordChatWebhook,77,1.2.0,15
2026-05-14T00:47:59Z,JobAutoSwitcher,6372,1.3.1,15
2026-05-14T07:05:03Z,SpotifyHonorific,6287,1.11.2,15
2026-05-14T07:05:03Z,DiscordChatWebhook,78,1.2.0,15
2026-05-14T07:05:03Z,JobAutoSwitcher,6380,1.3.1,15
2026-05-14T07:05:03Z,RetainerInventoryPrice,58,1.2.0,15
2026-05-14T07:05:03Z,FoxyJumpscare,69,1.4.2,15
2026-05-14T12:40:42Z,SpotifyHonorific,6316,1.11.2,15
2026-05-14T12:40:42Z,JobAutoSwitcher,6396,1.3.1,15
2026-05-14T18:40:26Z,SpotifyHonorific,6358,1.11.2,15
2026-05-14T18:40:26Z,DiscordChatWebhook,82,1.2.0,15
2026-05-14T18:40:26Z,JobAutoSwitcher,6406,1.3.1,15
2026-05-14T18:40:26Z,RetainerInventoryPrice,59,1.2.0,15
2026-05-15T00:44:56Z,SpotifyHonorific,6436,1.11.2,15
2026-05-15T00:44:56Z,JobAutoSwitcher,6425,1.3.1,15
2026-05-15T00:44:56Z,RetainerInventoryPrice,61,1.2.0,15
2026-05-15T07:11:15Z,SpotifyHonorific,6495,1.11.2,15
2026-05-15T07:11:15Z,JobAutoSwitcher,6433,1.3.1,15
2026-05-15T12:41:14Z,SpotifyHonorific,6529,1.11.2,15
2026-05-15T12:41:14Z,JobAutoSwitcher,6442,1.3.1,15
2026-05-15T12:41:14Z,FoxyJumpscare,70,1.4.2,15
2026-05-15T18:36:00Z,SpotifyHonorific,6576,1.11.2,15
2026-05-15T18:36:00Z,DiscordChatWebhook,83,1.2.0,15
2026-05-15T18:36:00Z,JobAutoSwitcher,6453,1.3.1,15
2026-05-15T18:36:00Z,FoxyJumpscare,72,1.4.2,15
2026-05-16T00:42:33Z,SpotifyHonorific,6645,1.11.2,15
2026-05-16T00:42:33Z,DiscordChatWebhook,85,1.2.0,15
2026-05-16T00:42:33Z,JobAutoSwitcher,6469,1.3.1,15
2026-05-16T00:42:33Z,RetainerInventoryPrice,64,1.2.0,15
2026-05-16T06:50:54Z,SpotifyHonorific,6710,1.11.2,15
2026-05-16T06:50:54Z,JobAutoSwitcher,6484,1.3.1,15
2026-05-16T12:25:07Z,SpotifyHonorific,6730,1.11.2,15
2026-05-16T12:25:07Z,JobAutoSwitcher,6494,1.3.1,15
2026-05-16T18:22:20Z,SpotifyHonorific,6793,1.11.2,15
2026-05-16T18:22:20Z,DiscordChatWebhook,91,1.2.0,15
2026-05-16T18:22:20Z,JobAutoSwitcher,6513,1.3.1,15
2026-05-16T18:22:20Z,FoxyJumpscare,74,1.4.2,15
2026-05-17T00:47:15Z,SpotifyHonorific,6843,1.11.2,15
2026-05-17T00:47:15Z,DiscordChatWebhook,92,1.2.0,15
2026-05-17T00:47:15Z,JobAutoSwitcher,6535,1.3.1,15
2026-05-17T00:47:15Z,RetainerInventoryPrice,65,1.2.0,15
2026-05-17T00:47:15Z,FoxyJumpscare,75,1.4.2,15
2026-05-17T07:01:32Z,SpotifyHonorific,6888,1.11.2,15
2026-05-17T07:01:32Z,DiscordChatWebhook,93,1.2.0,15
2026-05-17T07:01:32Z,JobAutoSwitcher,6546,1.3.1,15
2026-05-17T07:01:32Z,RetainerInventoryPrice,66,1.2.0,15
2026-05-17T12:23:43Z,SpotifyHonorific,6911,1.11.2,15
2026-05-17T12:23:43Z,DiscordChatWebhook,96,1.2.0,15
2026-05-17T12:23:43Z,JobAutoSwitcher,6552,1.3.1,15
2026-05-17T12:23:43Z,RetainerInventoryPrice,67,1.2.0,15
2026-05-17T12:23:43Z,FoxyJumpscare,76,1.4.2,15
2026-05-17T18:24:38Z,SpotifyHonorific,6960,1.11.2,15
2026-05-17T18:24:38Z,DiscordChatWebhook,98,1.2.0,15
2026-05-17T18:24:38Z,JobAutoSwitcher,6574,1.3.1,15
2026-05-17T18:24:38Z,FoxyJumpscare,78,1.4.2,15
2026-05-18T00:47:24Z,SpotifyHonorific,7021,1.11.2,15
2026-05-18T00:47:24Z,DiscordChatWebhook,99,1.2.0,15
2026-05-18T00:47:24Z,JobAutoSwitcher,6598,1.3.1,15
2026-05-18T00:47:24Z,FoxyJumpscare,79,1.4.2,15
2026-05-18T00:47:24Z,ProvokeCounter,13,1.2.1,15
2026-05-18T07:28:33Z,SpotifyHonorific,7054,1.11.2,15
2026-05-18T07:28:33Z,DiscordChatWebhook,101,1.2.0,15
2026-05-18T07:28:33Z,JobAutoSwitcher,6611,1.3.1,15
2026-05-18T07:28:33Z,FoxyJumpscare,80,1.4.2,15
2026-05-18T13:18:32Z,SpotifyHonorific,7082,1.11.2,15
2026-05-18T13:18:32Z,JobAutoSwitcher,6625,1.3.1,15
2026-05-18T18:39:55Z,SpotifyHonorific,7109,1.11.2,15
2026-05-18T18:39:55Z,DiscordChatWebhook,103,1.2.0,15
2026-05-18T18:39:55Z,JobAutoSwitcher,6639,1.3.1,15
2026-05-19T00:48:55Z,SpotifyHonorific,7161,1.11.2,15
2026-05-19T00:48:55Z,DiscordChatWebhook,105,1.2.0,15
2026-05-19T00:48:55Z,JobAutoSwitcher,6647,1.3.1,15
2026-05-19T00:48:55Z,RetainerInventoryPrice,68,1.2.0,15
2026-05-19T00:48:55Z,FoxyJumpscare,82,1.4.2,15
2026-05-19T07:17:51Z,SpotifyHonorific,7209,1.11.2,15
2026-05-19T07:17:51Z,JobAutoSwitcher,6666,1.3.1,15
2026-05-19T13:10:22Z,SpotifyHonorific,7227,1.11.2,15
2026-05-19T13:10:22Z,DiscordChatWebhook,106,1.2.0,15
2026-05-19T13:10:22Z,JobAutoSwitcher,6671,1.3.1,15
2026-05-19T13:10:22Z,FoxyJumpscare,83,1.4.2,15
2026-05-19T18:40:33Z,SpotifyHonorific,7262,1.11.2,15
2026-05-19T18:40:33Z,DiscordChatWebhook,107,1.2.0,15
2026-05-19T18:40:33Z,JobAutoSwitcher,6686,1.3.1,15
2026-05-19T18:40:33Z,RetainerInventoryPrice,70,1.2.0,15
2026-05-19T18:40:33Z,FoxyJumpscare,85,1.4.2,15
2026-05-20T00:51:00Z,SpotifyHonorific,7342,1.11.2,15
2026-05-20T00:51:00Z,DiscordChatWebhook,108,1.2.0,15
2026-05-20T00:51:00Z,JobAutoSwitcher,6699,1.3.1,15
2026-05-20T06:01:45Z,SpotifyHonorific,7342,1.12.0.0,15
2026-05-20T07:18:09Z,SpotifyHonorific,7391,1.12.0,15
2026-05-20T07:18:09Z,DiscordChatWebhook,110,1.2.0,15
2026-05-20T07:18:09Z,JobAutoSwitcher,6716,1.3.1,15
2026-05-20T12:56:42Z,SpotifyHonorific,7430,1.12.0,15
2026-05-20T12:56:42Z,DiscordChatWebhook,111,1.2.0,15
2026-05-20T12:56:42Z,JobAutoSwitcher,6730,1.3.1,15
2026-05-20T12:56:42Z,RetainerInventoryPrice,71,1.2.0,15
2026-05-20T12:56:42Z,FoxyJumpscare,86,1.4.2,15
2026-05-20T12:56:42Z,ProvokeCounter,14,1.2.1,15
2026-05-20T18:51:18Z,SpotifyHonorific,7494,1.12.0,15
2026-05-20T18:51:18Z,DiscordChatWebhook,112,1.2.0,15
2026-05-20T18:51:18Z,JobAutoSwitcher,6735,1.3.1,15
2026-05-20T18:51:18Z,RetainerInventoryPrice,72,1.2.0,15
2026-05-20T18:51:18Z,FoxyJumpscare,87,1.4.2,15
2026-05-21T00:50:32Z,SpotifyHonorific,7570,1.12.0,15
2026-05-21T00:50:32Z,DiscordChatWebhook,114,1.2.0,15
2026-05-21T00:50:32Z,JobAutoSwitcher,6746,1.3.1,15
2026-05-21T00:50:32Z,FoxyJumpscare,88,1.4.2,15
2026-05-21T00:50:32Z,ProvokeCounter,15,1.2.1,15
2026-05-21T07:21:52Z,SpotifyHonorific,7629,1.12.0,15
2026-05-21T07:21:52Z,JobAutoSwitcher,6760,1.3.1,15
2026-05-21T07:21:52Z,FoxyJumpscare,89,1.4.2,15
2026-05-21T13:12:22Z,SpotifyHonorific,7665,1.12.0,15
2026-05-21T13:12:22Z,DiscordChatWebhook,115,1.2.0,15
2026-05-21T13:12:22Z,JobAutoSwitcher,6768,1.3.1,15
2026-05-21T18:41:26Z,SpotifyHonorific,7715,1.12.0,15
2026-05-21T18:41:26Z,JobAutoSwitcher,6774,1.3.1,15
2026-05-22T00:48:32Z,SpotifyHonorific,7780,1.12.0,15
2026-05-22T00:48:32Z,JobAutoSwitcher,6785,1.3.1,15
2026-05-22T00:48:32Z,FoxyJumpscare,90,1.4.2,15
2026-05-22T07:17:59Z,SpotifyHonorific,7832,1.12.0,15
2026-05-22T07:17:59Z,JobAutoSwitcher,6794,1.3.1,15
2026-05-22T07:17:59Z,RetainerInventoryPrice,73,1.2.0,15
2026-05-22T12:53:22Z,SpotifyHonorific,7858,1.12.0,15
2026-05-22T12:53:22Z,JobAutoSwitcher,6806,1.3.1,15
2026-05-22T18:39:22Z,SpotifyHonorific,7919,1.12.0,15
2026-05-22T18:39:22Z,JobAutoSwitcher,6816,1.3.1,15
2026-05-23T00:47:14Z,SpotifyHonorific,7996,1.12.0,15
2026-05-23T00:47:14Z,DiscordChatWebhook,116,1.2.0,15
2026-05-23T00:47:14Z,JobAutoSwitcher,6838,1.3.1,15
2026-05-23T00:47:14Z,RetainerInventoryPrice,74,1.2.0,15
2026-05-23T00:47:14Z,FoxyJumpscare,91,1.4.2,15
2026-05-23T06:58:35Z,SpotifyHonorific,8065,1.12.0,15
2026-05-23T06:58:35Z,JobAutoSwitcher,6853,1.3.1,15
2026-05-23T06:58:35Z,RetainerInventoryPrice,75,1.2.0,15
2026-05-23T11:54:16+02:00,SpotifyHonorific,8065,1.12.0.0,15
2026-05-23T11:56:22+02:00,DropLogger,3,1.0.0.0,13
2026-05-23T11:56:22+02:00,DiscordChatWebhook,116,1.2.0.0,15
2026-05-23T11:56:22+02:00,JobAutoSwitcher,6853,1.3.1.0,15
2026-05-23T11:56:22+02:00,RetainerInventoryPrice,75,1.2.0.0,15
2026-05-23T11:56:22+02:00,FoxyJumpscare,91,1.4.2.0,15
2026-05-23T11:56:22+02:00,ProvokeCounter,15,1.2.1.0,15
2026-05-23T09:58:19Z,SpotifyHonorific,8077,1.12.0.0,15
2026-05-23T09:58:19Z,DiscordChatWebhook,117,1.2.0.0,15
2026-05-23T09:58:19Z,JobAutoSwitcher,6864,1.3.1.0,15
2026-05-23T12:59:50Z,SpotifyHonorific,8097,1.12.0.0,15
2026-05-23T12:59:50Z,DropLogger,4,1.0.0.0,13
2026-05-23T12:59:50Z,DiscordChatWebhook,123,1.2.0.0,15
2026-05-23T12:59:50Z,JobAutoSwitcher,6872,1.3.1.0,15
2026-05-23T12:59:50Z,RetainerInventoryPrice,76,1.2.0.0,15
2026-05-23T12:59:50Z,FoxyJumpscare,92,1.4.2.0,15
2026-05-23T12:59:50Z,ProvokeCounter,16,1.2.1.0,15
2026-05-23T13:09:18Z,SpotifyHonorific,8098,1.12.0.0,15
2026-05-23T18:23:54Z,SpotifyHonorific,8141,1.12.0.0,15
2026-05-23T18:23:54Z,JobAutoSwitcher,6886,1.3.1.0,15
2026-05-23T18:23:54Z,FoxyJumpscare,93,1.4.2.0,15
2026-05-24T00:01:46Z,SpotifyHonorific,8190,1.12.0.0,15
2026-05-24T00:01:46Z,DiscordChatWebhook,124,1.2.0.0,15
2026-05-24T00:01:46Z,JobAutoSwitcher,6905,1.3.1.0,15
2026-05-24T00:01:46Z,RetainerInventoryPrice,78,1.2.0.0,15
2026-05-24T00:48:59Z,SpotifyHonorific,8195,1.12.0.0,15
2026-05-24T00:48:59Z,JobAutoSwitcher,6910,1.3.1.0,15
2026-05-24T07:10:07Z,SpotifyHonorific,8213,1.12.0.0,15
2026-05-24T07:10:07Z,JobAutoSwitcher,6924,1.3.1.0,15
2026-05-24T12:27:12Z,SpotifyHonorific,8227,1.12.0.0,15
2026-05-24T12:27:12Z,JobAutoSwitcher,6934,1.3.1.0,15
2026-05-24T18:25:10Z,SpotifyHonorific,8239,1.12.0.0,15
2026-05-24T18:25:10Z,DiscordChatWebhook,125,1.2.0.0,15
2026-05-24T18:25:10Z,JobAutoSwitcher,6956,1.3.1.0,15
2026-05-24T18:25:10Z,FoxyJumpscare,94,1.4.2.0,15
2026-05-25T00:50:09Z,SpotifyHonorific,8258,1.12.0.0,15
2026-05-25T00:50:09Z,JobAutoSwitcher,6969,1.3.1.0,15
2026-05-25T00:50:09Z,RetainerInventoryPrice,79,1.2.0.0,15
2026-05-25T07:38:56Z,SpotifyHonorific,8276,1.12.0.0,15
2026-05-25T07:38:56Z,JobAutoSwitcher,6977,1.3.1.0,15
2026-05-25T13:13:13Z,SpotifyHonorific,8281,1.12.0.0,15
2026-05-25T13:13:13Z,JobAutoSwitcher,6984,1.3.1.0,15
2026-05-25T18:35:32Z,SpotifyHonorific,8281,1.13.0.0,15
2026-05-25T18:37:05Z,SpotifyHonorific,8296,1.13.0.0,15
2026-05-25T18:37:05Z,JobAutoSwitcher,6993,1.3.1.0,15
2026-05-26T00:48:11Z,SpotifyHonorific,8372,1.13.0.0,15
2026-05-26T00:48:11Z,JobAutoSwitcher,7004,1.3.1.0,15
2026-05-26T07:17:01Z,SpotifyHonorific,8403,1.13.0.0,15
2026-05-26T07:17:01Z,JobAutoSwitcher,7013,1.3.1.0,15
2026-05-26T07:17:01Z,FoxyJumpscare,95,1.4.2.0,15
2026-05-26T13:04:09Z,SpotifyHonorific,8422,1.13.0.0,15
2026-05-26T13:04:09Z,JobAutoSwitcher,7023,1.3.1.0,15
2026-05-26T18:51:04Z,SpotifyHonorific,8445,1.13.0.0,15
2026-05-26T18:51:04Z,JobAutoSwitcher,7032,1.3.1.0,15
2026-05-26T18:51:04Z,ProvokeCounter,17,1.2.1.0,15
2026-05-27T00:49:52Z,SpotifyHonorific,8476,1.13.0.0,15
2026-05-27T00:49:52Z,JobAutoSwitcher,7052,1.3.1.0,15
2026-05-27T07:31:12Z,SpotifyHonorific,8495,1.13.0.0,15
2026-05-27T07:31:12Z,DiscordChatWebhook,126,1.2.0.0,15
2026-05-27T07:31:12Z,JobAutoSwitcher,7061,1.3.1.0,15
2026-05-27T13:14:23Z,SpotifyHonorific,8505,1.13.0.0,15
2026-05-27T13:14:23Z,JobAutoSwitcher,7066,1.3.1.0,15
2026-05-27T18:50:20Z,SpotifyHonorific,8512,1.13.0.0,15
2026-05-27T18:50:20Z,JobAutoSwitcher,7073,1.3.1.0,15
2026-05-28T00:45:28Z,SpotifyHonorific,8521,1.13.0.0,15
2026-05-28T00:45:28Z,JobAutoSwitcher,7089,1.3.1.0,15
2026-05-28T07:25:04Z,SpotifyHonorific,8539,1.13.0.0,15
2026-05-28T07:25:04Z,JobAutoSwitcher,7102,1.3.1.0,15
2026-05-28T07:25:04Z,RetainerInventoryPrice,80,1.2.0.0,15
2026-05-28T13:18:55Z,SpotifyHonorific,8543,1.13.0.0,15
2026-05-28T13:18:55Z,JobAutoSwitcher,7113,1.3.1.0,15
2026-05-28T18:55:28Z,SpotifyHonorific,8553,1.13.0.0,15
2026-05-28T18:55:28Z,DiscordChatWebhook,127,1.2.0.0,15
2026-05-28T18:55:28Z,JobAutoSwitcher,7122,1.3.1.0,15
2026-05-29T00:52:19Z,SpotifyHonorific,8568,1.13.0.0,15
2026-05-29T00:52:19Z,JobAutoSwitcher,7140,1.3.1.0,15
2026-05-29T00:52:19Z,FoxyJumpscare,96,1.4.2.0,15
2026-05-29T07:25:01Z,SpotifyHonorific,8578,1.13.0.0,15
2026-05-29T07:25:01Z,JobAutoSwitcher,7154,1.3.1.0,15
2026-05-29T13:10:55Z,SpotifyHonorific,8585,1.13.0.0,15
2026-05-29T13:10:55Z,DiscordChatWebhook,128,1.2.0.0,15
2026-05-29T13:10:55Z,JobAutoSwitcher,7166,1.3.1.0,15
2026-05-29T13:10:55Z,RetainerInventoryPrice,83,1.2.0.0,15
2026-05-29T18:54:56Z,SpotifyHonorific,8595,1.13.0.0,15
2026-05-29T18:54:56Z,JobAutoSwitcher,7178,1.3.1.0,15
2026-05-29T18:54:56Z,RetainerInventoryPrice,85,1.2.0.0,15
2026-05-30T00:48:30Z,JobAutoSwitcher,7188,1.3.1.0,15
2026-05-30T00:48:30Z,RetainerInventoryPrice,86,1.2.0.0,15
2026-05-30T07:04:29Z,SpotifyHonorific,8606,1.13.0.0,15
2026-05-30T07:04:29Z,DiscordChatWebhook,129,1.2.0.0,15
2026-05-30T07:04:29Z,JobAutoSwitcher,7197,1.3.1.0,15
2026-05-30T07:04:29Z,RetainerInventoryPrice,87,1.2.0.0,15
2026-05-30T07:04:29Z,FoxyJumpscare,98,1.4.2.0,15
2026-05-30T12:29:16Z,SpotifyHonorific,8608,1.13.0.0,15
2026-05-30T12:29:16Z,JobAutoSwitcher,7207,1.3.1.0,15
2026-05-30T18:26:22Z,SpotifyHonorific,8621,1.13.0.0,15
2026-05-30T18:26:22Z,JobAutoSwitcher,7224,1.3.1.0,15
2026-05-31T00:52:08Z,SpotifyHonorific,8628,1.13.0.0,15
2026-05-31T00:52:08Z,JobAutoSwitcher,7238,1.3.1.0,15
2026-05-31T07:22:26Z,SpotifyHonorific,8630,1.13.0.0,15
2026-05-31T07:22:26Z,JobAutoSwitcher,7249,1.3.1.0,15
2026-05-31T12:32:32Z,SpotifyHonorific,8636,1.13.0.0,15
2026-05-31T12:32:32Z,JobAutoSwitcher,7258,1.3.1.0,15
2026-05-31T18:27:46Z,SpotifyHonorific,8649,1.13.0.0,15
2026-05-31T18:27:46Z,DiscordChatWebhook,130,1.2.0.0,15
2026-05-31T18:27:46Z,JobAutoSwitcher,7273,1.3.1.0,15
2026-05-31T18:27:46Z,RetainerInventoryPrice,88,1.2.0.0,15
2026-05-31T18:27:46Z,FoxyJumpscare,99,1.4.2.0,15
2026-06-01T00:54:54Z,SpotifyHonorific,8659,1.13.0.0,15
2026-06-01T00:54:54Z,JobAutoSwitcher,7288,1.3.1.0,15
2026-06-01T07:51:21Z,SpotifyHonorific,8672,1.13.0.0,15
2026-06-01T07:51:21Z,JobAutoSwitcher,7296,1.3.1.0,15
2026-06-01T07:51:21Z,RetainerInventoryPrice,89,1.2.0.0,15
2026-06-01T14:05:20Z,SpotifyHonorific,8674,1.13.0.0,15
2026-06-01T14:05:20Z,JobAutoSwitcher,7305,1.3.1.0,15
2026-06-01T19:40:29Z,SpotifyHonorific,8676,1.13.0.0,15
2026-06-01T19:40:29Z,JobAutoSwitcher,7315,1.3.1.0,15
2026-06-02T00:55:07Z,SpotifyHonorific,8682,1.13.0.0,15
2026-06-02T00:55:07Z,JobAutoSwitcher,7322,1.3.1.0,15
2026-06-02T05:30:53Z,SpotifyHonorific,8682,1.13.1.0,15
2026-06-02T07:43:16Z,SpotifyHonorific,8691,1.13.1.0,15
2026-06-02T07:43:16Z,JobAutoSwitcher,7328,1.3.1.0,15
2026-06-02T13:21:26Z,SpotifyHonorific,8700,1.13.1.0,15
2026-06-02T13:21:26Z,JobAutoSwitcher,7330,1.3.1.0,15
2026-06-02T19:18:14Z,SpotifyHonorific,8802,1.13.1.0,15
2026-06-02T19:18:14Z,JobAutoSwitcher,7332,1.3.1.0,15
2026-06-03T01:00:42Z,SpotifyHonorific,8911,1.13.1.0,15
2026-06-03T01:00:42Z,JobAutoSwitcher,7347,1.3.1.0,15
2026-06-03T07:46:26Z,SpotifyHonorific,8950,1.13.1.0,15
2026-06-03T07:46:26Z,JobAutoSwitcher,7361,1.3.1.0,15
2026-06-03T07:46:26Z,RetainerInventoryPrice,90,1.2.0.0,15
2026-06-03T13:41:49Z,SpotifyHonorific,8969,1.13.1.0,15
2026-06-03T13:41:49Z,JobAutoSwitcher,7370,1.3.1.0,15
2026-06-03T19:23:15Z,SpotifyHonorific,8981,1.13.1.0,15
2026-06-03T19:23:15Z,JobAutoSwitcher,7381,1.3.1.0,15
2026-06-04T01:00:22Z,SpotifyHonorific,9000,1.13.1.0,15
2026-06-04T01:00:22Z,JobAutoSwitcher,7394,1.3.1.0,15
2026-06-04T07:42:23Z,SpotifyHonorific,9013,1.13.1.0,15
2026-06-04T07:42:23Z,JobAutoSwitcher,7407,1.3.1.0,15
2026-06-04T13:09:28Z,SpotifyHonorific,9018,1.13.1.0,15
2026-06-04T13:09:28Z,JobAutoSwitcher,7414,1.3.1.0,15
2026-06-04T18:50:10Z,SpotifyHonorific,9025,1.13.1.0,15
2026-06-04T18:50:10Z,JobAutoSwitcher,7424,1.3.1.0,15
2026-06-05T00:52:51Z,SpotifyHonorific,9034,1.13.1.0,15
2026-06-05T00:52:51Z,JobAutoSwitcher,7431,1.3.1.0,15
2026-06-05T07:33:54Z,SpotifyHonorific,9037,1.13.1.0,15
2026-06-05T07:33:54Z,DiscordChatWebhook,131,1.2.0.0,15
2026-06-05T07:33:54Z,JobAutoSwitcher,7439,1.3.1.0,15
2026-06-05T07:33:54Z,FoxyJumpscare,100,1.4.2.0,15
2026-06-05T13:05:20Z,SpotifyHonorific,9041,1.13.1.0,15
2026-06-05T13:05:20Z,JobAutoSwitcher,7446,1.3.1.0,15
2026-06-05T18:42:34Z,SpotifyHonorific,9044,1.13.1.0,15
2026-06-05T18:42:34Z,JobAutoSwitcher,7459,1.3.1.0,15
2026-06-06T00:49:45Z,SpotifyHonorific,9052,1.13.1.0,15
2026-06-06T00:49:45Z,JobAutoSwitcher,7467,1.3.1.0,15
2026-06-06T07:08:07Z,SpotifyHonorific,9054,1.13.1.0,15
2026-06-06T07:08:07Z,JobAutoSwitcher,7485,1.3.1.0,15
2026-06-06T12:31:32Z,SpotifyHonorific,9060,1.13.1.0,15
2026-06-06T12:31:32Z,JobAutoSwitcher,7496,1.3.1.0,15
2026-06-06T18:30:20Z,SpotifyHonorific,9065,1.13.1.0,15
2026-06-06T18:30:20Z,JobAutoSwitcher,7514,1.3.1.0,15
2026-06-07T00:54:25Z,SpotifyHonorific,9071,1.13.1.0,15
2026-06-07T00:54:25Z,JobAutoSwitcher,7533,1.3.1.0,15
2026-06-07T07:27:37Z,SpotifyHonorific,9080,1.13.1.0,15
2026-06-07T07:27:37Z,JobAutoSwitcher,7544,1.3.1.0,15
2026-06-07T12:36:32Z,SpotifyHonorific,9082,1.13.1.0,15
2026-06-07T12:36:32Z,JobAutoSwitcher,7553,1.3.1.0,15
2026-06-07T18:30:43Z,SpotifyHonorific,9085,1.13.1.0,15
2026-06-07T18:30:43Z,JobAutoSwitcher,7560,1.3.1.0,15
2026-06-08T00:55:00Z,SpotifyHonorific,9092,1.13.1.0,15
2026-06-08T00:55:00Z,JobAutoSwitcher,7569,1.3.1.0,15
2026-06-08T07:47:39Z,SpotifyHonorific,9099,1.13.1.0,15
2026-06-08T07:47:39Z,JobAutoSwitcher,7576,1.3.1.0,15
2026-06-08T07:47:39Z,FoxyJumpscare,101,1.4.2.0,15
2026-06-08T13:31:39Z,SpotifyHonorific,9103,1.13.1.0,15
2026-06-08T13:31:39Z,JobAutoSwitcher,7580,1.3.1.0,15
2026-06-08T18:53:05Z,SpotifyHonorific,9104,1.13.1.0,15
2026-06-08T18:53:05Z,JobAutoSwitcher,7587,1.3.1.0,15
2026-06-09T00:48:23Z,SpotifyHonorific,9109,1.13.1.0,15
2026-06-09T00:48:23Z,JobAutoSwitcher,7598,1.3.1.0,15
2026-06-09T00:48:23Z,RetainerInventoryPrice,91,1.2.0.0,15
2026-06-09T07:18:59Z,SpotifyHonorific,9110,1.13.1.0,15
2026-06-09T07:18:59Z,JobAutoSwitcher,7610,1.3.1.0,15
2026-06-09T13:04:14Z,SpotifyHonorific,9111,1.13.1.0,15
2026-06-09T13:04:14Z,JobAutoSwitcher,7619,1.3.1.0,15
2026-06-09T13:04:14Z,RetainerInventoryPrice,92,1.2.0.0,15
2026-06-09T18:47:18Z,SpotifyHonorific,9117,1.13.1.0,15
2026-06-09T18:47:18Z,JobAutoSwitcher,7627,1.3.1.0,15
2026-06-10T00:54:36Z,SpotifyHonorific,9128,1.13.1.0,15
2026-06-10T00:54:36Z,JobAutoSwitcher,7638,1.3.1.0,15
2026-06-10T00:54:36Z,FoxyJumpscare,102,1.4.2.0,15
2026-06-10T07:33:35Z,SpotifyHonorific,9132,1.13.1.0,15
2026-06-10T07:33:35Z,JobAutoSwitcher,7646,1.3.1.0,15
2026-06-10T13:14:40Z,SpotifyHonorific,9135,1.13.1.0,15
2026-06-10T13:14:40Z,JobAutoSwitcher,7652,1.3.1.0,15
2026-06-10T13:14:40Z,FoxyJumpscare,103,1.4.2.0,15
2026-06-10T18:56:40Z,SpotifyHonorific,9140,1.13.1.0,15
2026-06-10T18:56:40Z,JobAutoSwitcher,7663,1.3.1.0,15
2026-06-11T00:53:48Z,SpotifyHonorific,9146,1.13.1.0,15
2026-06-11T00:53:48Z,JobAutoSwitcher,7673,1.3.1.0,15
2026-06-11T00:53:48Z,FoxyJumpscare,104,1.4.2.0,15
2026-06-11T07:45:35Z,SpotifyHonorific,9152,1.13.1.0,15
2026-06-11T07:45:35Z,JobAutoSwitcher,7683,1.3.1.0,15
2026-06-11T13:22:57Z,SpotifyHonorific,9155,1.13.1.0,15
2026-06-11T13:22:57Z,JobAutoSwitcher,7692,1.3.1.0,15
2026-06-11T19:02:53Z,SpotifyHonorific,9158,1.13.1.0,15
2026-06-11T19:02:53Z,JobAutoSwitcher,7702,1.3.1.0,15
2026-06-12T00:57:31Z,SpotifyHonorific,9161,1.13.1.0,15
2026-06-12T00:57:31Z,JobAutoSwitcher,7710,1.3.1.0,15
2026-06-12T07:41:55Z,SpotifyHonorific,9165,1.13.1.0,15
2026-06-12T07:41:55Z,JobAutoSwitcher,7719,1.3.1.0,15
2026-06-12T18:43:16Z,SpotifyHonorific,9166,1.13.1.0,15
2026-06-12T18:43:16Z,JobAutoSwitcher,7720,1.3.1.0,15
2026-06-13T00:55:55Z,SpotifyHonorific,9170,1.13.1.0,15
2026-06-13T00:55:55Z,JobAutoSwitcher,7729,1.3.1.0,15
2026-06-13T07:22:47Z,JobAutoSwitcher,7743,1.3.1.0,15
2026-06-13T12:40:29Z,SpotifyHonorific,9174,1.13.1.0,15
2026-06-13T12:40:29Z,JobAutoSwitcher,7753,1.3.1.0,15
2026-06-13T18:32:41Z,SpotifyHonorific,9185,1.13.1.0,15
2026-06-13T18:32:41Z,JobAutoSwitcher,7764,1.3.1.0,15
2026-06-13T18:32:41Z,FoxyJumpscare,105,1.4.2.0,15
2026-06-14T00:56:11Z,SpotifyHonorific,9194,1.13.1.0,15
2026-06-14T00:56:11Z,JobAutoSwitcher,7781,1.3.1.0,15
2026-06-14T07:39:45Z,SpotifyHonorific,9198,1.13.1.0,15
2026-06-14T07:39:45Z,JobAutoSwitcher,7792,1.3.1.0,15
2026-06-14T12:43:03Z,JobAutoSwitcher,7800,1.3.1.0,15
2026-06-14T12:43:03Z,FoxyJumpscare,106,1.4.2.0,15
2026-06-14T18:33:12Z,SpotifyHonorific,9202,1.13.1.0,15
2026-06-14T18:33:12Z,JobAutoSwitcher,7814,1.3.1.0,15
2026-06-15T00:58:15Z,SpotifyHonorific,9207,1.13.1.0,15
2026-06-15T00:58:15Z,JobAutoSwitcher,7823,1.3.1.0,15
2026-06-15T08:05:16Z,SpotifyHonorific,9214,1.13.1.0,15
2026-06-15T08:05:16Z,JobAutoSwitcher,7830,1.3.1.0,15
2026-06-15T14:11:08Z,SpotifyHonorific,9220,1.13.1.0,15
2026-06-15T14:11:08Z,JobAutoSwitcher,7836,1.3.1.0,15
2026-06-15T19:25:38Z,SpotifyHonorific,9224,1.13.1.0,15
2026-06-15T19:25:38Z,JobAutoSwitcher,7844,1.3.1.0,15
2026-06-16T01:02:51Z,SpotifyHonorific,9228,1.13.1.0,15
2026-06-16T01:02:51Z,JobAutoSwitcher,7853,1.3.1.0,15
2026-06-16T05:46:59Z,SpotifyHonorific,9228,1.13.2.0,15
2026-06-16T08:01:59Z,SpotifyHonorific,9267,1.13.2.0,15
2026-06-16T08:01:59Z,DiscordChatWebhook,132,1.2.0.0,15
2026-06-16T08:01:59Z,JobAutoSwitcher,7861,1.3.1.0,15
2026-06-16T13:51:38Z,SpotifyHonorific,9323,1.13.2.0,15
2026-06-16T13:51:38Z,JobAutoSwitcher,7867,1.3.1.0,15
2026-06-16T19:16:02Z,SpotifyHonorific,9385,1.13.2.0,15
2026-06-16T19:16:02Z,JobAutoSwitcher,7875,1.3.1.0,15
2026-06-17T00:57:12Z,SpotifyHonorific,9438,1.13.2.0,15
2026-06-17T00:57:12Z,JobAutoSwitcher,7884,1.3.1.0,15
2026-06-17T07:55:32Z,SpotifyHonorific,9464,1.13.2.0,15
2026-06-17T07:55:32Z,JobAutoSwitcher,7889,1.3.1.0,15
2026-06-17T13:20:08Z,SpotifyHonorific,9480,1.13.2.0,15
2026-06-17T13:20:08Z,JobAutoSwitcher,7894,1.3.1.0,15
2026-06-17T18:52:50Z,SpotifyHonorific,9495,1.13.2.0,15
2026-06-17T18:52:50Z,JobAutoSwitcher,7901,1.3.1.0,15
2026-06-17T18:52:50Z,RetainerInventoryPrice,93,1.2.0.0,15
2026-06-18T00:56:59Z,SpotifyHonorific,9518,1.13.2.0,15
2026-06-18T00:56:59Z,JobAutoSwitcher,7909,1.3.1.0,15
2026-06-18T07:45:55Z,SpotifyHonorific,9534,1.13.2.0,15
2026-06-18T07:45:55Z,JobAutoSwitcher,7917,1.3.1.0,15
2026-06-18T13:13:49Z,SpotifyHonorific,9538,1.13.2.0,15
2026-06-18T13:13:49Z,JobAutoSwitcher,7927,1.3.1.0,15
2026-06-18T18:51:23Z,SpotifyHonorific,9550,1.13.2.0,15
2026-06-18T18:51:23Z,JobAutoSwitcher,7933,1.3.1.0,15
2026-06-19T01:01:50Z,SpotifyHonorific,9573,1.13.2.0,15
2026-06-19T01:01:50Z,JobAutoSwitcher,7935,1.3.1.0,15
2026-06-19T01:01:50Z,FoxyJumpscare,107,1.4.2.0,15
2026-06-19T01:01:50Z,ProvokeCounter,18,1.2.1.0,15
2026-06-19T07:56:23Z,SpotifyHonorific,9589,1.13.2.0,15
2026-06-19T07:56:23Z,JobAutoSwitcher,7941,1.3.1.0,15
2026-06-19T13:15:10Z,SpotifyHonorific,9592,1.13.2.0,15
2026-06-19T13:15:10Z,JobAutoSwitcher,7947,1.3.1.0,15
2026-06-19T18:40:25Z,SpotifyHonorific,9602,1.13.2.0,15
2026-06-19T18:40:25Z,JobAutoSwitcher,7964,1.3.1.0,15
2026-06-20T00:52:01Z,SpotifyHonorific,9617,1.13.2.0,15
2026-06-20T00:52:01Z,JobAutoSwitcher,7971,1.3.1.0,15
2026-06-20T00:52:01Z,ProvokeCounter,19,1.2.1.0,15
2026-06-20T07:24:05Z,SpotifyHonorific,9629,1.13.2.0,15
2026-06-20T07:24:05Z,JobAutoSwitcher,7980,1.3.1.0,15
2026-06-20T12:40:28Z,SpotifyHonorific,9632,1.13.2.0,15
2026-06-20T12:40:28Z,JobAutoSwitcher,7989,1.3.1.0,15
2026-06-20T18:33:17Z,SpotifyHonorific,9642,1.13.2.0,15
2026-06-20T18:33:17Z,JobAutoSwitcher,8005,1.3.1.0,15
2026-06-21T00:57:37Z,SpotifyHonorific,9657,1.13.2.0,15
2026-06-21T00:57:37Z,JobAutoSwitcher,8018,1.3.1.0,15
2026-06-21T07:42:23Z,SpotifyHonorific,9661,1.13.2.0,15
2026-06-21T07:42:23Z,DiscordChatWebhook,133,1.2.0.0,15
2026-06-21T07:42:23Z,JobAutoSwitcher,8030,1.3.1.0,15
2026-06-21T07:42:23Z,FoxyJumpscare,108,1.4.2.0,15
2026-06-21T12:43:46Z,SpotifyHonorific,9667,1.13.2.0,15
2026-06-21T12:43:46Z,JobAutoSwitcher,8037,1.3.1.0,15
2026-06-21T18:35:07Z,SpotifyHonorific,9676,1.13.2.0,15
2026-06-21T18:35:07Z,JobAutoSwitcher,8040,1.3.1.0,15
2026-06-22T00:57:07Z,SpotifyHonorific,9685,1.13.2.0,15
2026-06-22T00:57:07Z,JobAutoSwitcher,8052,1.3.1.0,15
2026-06-22T08:07:05Z,SpotifyHonorific,9693,1.13.2.0,15
2026-06-22T08:07:05Z,JobAutoSwitcher,8057,1.3.1.0,15
2026-06-22T13:58:40Z,SpotifyHonorific,9696,1.13.2.0,15
2026-06-22T13:58:40Z,JobAutoSwitcher,8060,1.3.1.0,15
2026-06-22T19:08:50Z,SpotifyHonorific,9702,1.13.2.0,15
2026-06-22T19:08:50Z,JobAutoSwitcher,8062,1.3.1.0,15
2026-06-23T00:49:55Z,SpotifyHonorific,9710,1.13.2.0,15
2026-06-23T00:49:55Z,JobAutoSwitcher,8069,1.3.1.0,15
2026-06-23T00:49:55Z,FoxyJumpscare,109,1.4.2.0,15
2026-06-23T07:19:37Z,SpotifyHonorific,9718,1.13.2.0,15
2026-06-23T07:19:37Z,JobAutoSwitcher,8074,1.3.1.0,15
2026-06-23T13:01:38Z,SpotifyHonorific,9719,1.13.2.0,15
2026-06-23T13:01:38Z,JobAutoSwitcher,8076,1.3.1.0,15
2026-06-23T18:45:28Z,SpotifyHonorific,9725,1.13.2.0,15
2026-06-23T18:45:28Z,JobAutoSwitcher,8081,1.3.1.0,15
2026-06-24T00:46:12Z,SpotifyHonorific,9740,1.13.2.0,15
2026-06-24T00:46:12Z,JobAutoSwitcher,8091,1.3.1.0,15
2026-06-24T07:15:40Z,SpotifyHonorific,9755,1.13.2.0,15
2026-06-24T07:15:40Z,JobAutoSwitcher,8098,1.3.1.0,15
2026-06-24T12:48:48Z,SpotifyHonorific,9756,1.13.2.0,15
2026-06-24T12:48:48Z,JobAutoSwitcher,8106,1.3.1.0,15
2026-06-24T18:38:32Z,SpotifyHonorific,9760,1.13.2.0,15
2026-06-24T18:38:32Z,JobAutoSwitcher,8111,1.3.1.0,15
2026-06-25T00:50:49Z,SpotifyHonorific,9764,1.13.2.0,15
2026-06-25T00:50:49Z,JobAutoSwitcher,8117,1.3.1.0,15
2026-06-25T07:16:06Z,SpotifyHonorific,9766,1.13.2.0,15
2026-06-25T07:16:06Z,JobAutoSwitcher,8129,1.3.1.0,15
2026-06-25T12:51:03Z,SpotifyHonorific,9768,1.13.2.0,15
2026-06-25T12:51:03Z,JobAutoSwitcher,8139,1.3.1.0,15
2026-06-25T12:51:03Z,RetainerInventoryPrice,94,1.2.0.0,15
2026-06-25T18:48:17Z,SpotifyHonorific,9771,1.13.2.0,15
2026-06-25T18:48:17Z,JobAutoSwitcher,8145,1.3.1.0,15
2026-06-26T00:52:22Z,SpotifyHonorific,9773,1.13.2.0,15
2026-06-26T00:52:22Z,JobAutoSwitcher,8149,1.3.1.0,15
2026-06-26T07:22:09Z,SpotifyHonorific,9774,1.13.2.0,15
2026-06-26T07:22:09Z,JobAutoSwitcher,8155,1.3.1.0,15
2026-06-26T12:47:38Z,SpotifyHonorific,9783,1.13.2.0,15
2026-06-26T12:47:38Z,JobAutoSwitcher,8163,1.3.1.0,15
2026-06-26T18:39:51Z,SpotifyHonorific,9786,1.13.2.0,15
2026-06-26T18:39:51Z,JobAutoSwitcher,8166,1.3.1.0,15
2026-06-26T18:39:51Z,RetainerInventoryPrice,95,1.2.0.0,15
2026-06-27T00:49:33Z,SpotifyHonorific,9793,1.13.2.0,15
2026-06-27T00:49:33Z,JobAutoSwitcher,8170,1.3.1.0,15
2026-06-27T07:08:57Z,SpotifyHonorific,9802,1.13.2.0,15
2026-06-27T07:08:57Z,JobAutoSwitcher,8177,1.3.1.0,15
2026-06-27T12:31:14Z,SpotifyHonorific,9807,1.13.2.0,15
2026-06-27T12:31:14Z,JobAutoSwitcher,8186,1.3.1.0,15
2026-06-27T18:28:08Z,SpotifyHonorific,9809,1.13.2.0,15
2026-06-27T18:28:08Z,JobAutoSwitcher,8195,1.3.1.0,15
2026-06-28T00:51:43Z,SpotifyHonorific,9814,1.13.2.0,15
2026-06-28T00:51:43Z,JobAutoSwitcher,8208,1.3.1.0,15
2026-06-28T07:25:08Z,SpotifyHonorific,9818,1.13.2.0,15
2026-06-28T07:25:08Z,JobAutoSwitcher,8214,1.3.1.0,15
2026-06-28T12:32:17Z,SpotifyHonorific,9819,1.13.2.0,15
2026-06-28T12:32:17Z,JobAutoSwitcher,8219,1.3.1.0,15
2026-06-28T18:27:54Z,SpotifyHonorific,9824,1.13.2.0,15
2026-06-28T18:27:54Z,JobAutoSwitcher,8224,1.3.1.0,15
2026-06-29T00:53:06Z,SpotifyHonorific,9837,1.13.2.0,15
2026-06-29T00:53:06Z,DropLogger,5,1.0.0.0,13
2026-06-29T00:53:06Z,JobAutoSwitcher,8236,1.3.1.0,15
2026-06-29T07:48:30Z,SpotifyHonorific,9848,1.13.2.0,15
2026-06-29T07:48:30Z,JobAutoSwitcher,8246,1.3.1.0,15
2026-06-29T07:48:30Z,ProvokeCounter,20,1.2.1.0,15
2026-06-29T13:32:43Z,SpotifyHonorific,9853,1.13.2.0,15
2026-06-29T13:32:43Z,JobAutoSwitcher,8249,1.3.1.0,15
2026-06-29T18:44:21Z,SpotifyHonorific,9857,1.13.2.0,15
2026-06-29T18:44:21Z,JobAutoSwitcher,8255,1.3.1.0,15
2026-06-30T00:50:31Z,SpotifyHonorific,9866,1.13.2.0,15
2026-06-30T00:50:31Z,JobAutoSwitcher,8261,1.3.1.0,15
2026-06-30T05:19:54Z,SpotifyHonorific,9866,1.13.3.0,15
2026-06-30T07:22:21Z,SpotifyHonorific,9904,1.13.3.0,15
2026-06-30T07:22:21Z,JobAutoSwitcher,8273,1.3.1.0,15
2026-06-30T12:45:02Z,SpotifyHonorific,9962,1.13.3.0,15
2026-06-30T12:45:02Z,JobAutoSwitcher,8278,1.3.1.0,15
2026-06-30T18:40:05Z,SpotifyHonorific,10041,1.13.3.0,15
2026-06-30T18:40:05Z,JobAutoSwitcher,8286,1.3.1.0,15
2026-07-01T00:53:35Z,SpotifyHonorific,10134,1.13.3.0,15
2026-07-01T00:53:35Z,JobAutoSwitcher,8294,1.3.1.0,15
2026-07-01T07:34:20Z,SpotifyHonorific,10183,1.13.3.0,15
2026-07-01T07:34:20Z,JobAutoSwitcher,8300,1.3.1.0,15
2026-07-01T07:34:20Z,ProvokeCounter,21,1.2.1.0,15
2026-07-01T13:00:37Z,SpotifyHonorific,10198,1.13.3.0,15
2026-07-01T13:00:37Z,JobAutoSwitcher,8302,1.3.1.0,15
2026-07-01T18:42:19Z,SpotifyHonorific,10215,1.13.3.0,15
2026-07-01T18:42:19Z,JobAutoSwitcher,8308,1.3.1.0,15
2026-07-02T00:50:17Z,SpotifyHonorific,10249,1.13.3.0,15
2026-07-02T00:50:17Z,JobAutoSwitcher,8315,1.3.1.0,15
2026-07-02T08:53:51Z,SpotifyHonorific,10275,1.13.3.0,15
2026-07-02T08:53:51Z,JobAutoSwitcher,8323,1.3.1.0,15
2026-07-02T13:57:02Z,SpotifyHonorific,10284,1.13.3.0,15
2026-07-02T13:57:02Z,JobAutoSwitcher,8330,1.3.1.0,15
2026-07-02T19:22:10Z,SpotifyHonorific,10298,1.13.3.0,15
2026-07-02T19:22:10Z,JobAutoSwitcher,8339,1.3.1.0,15
2026-07-03T02:50:52Z,SpotifyHonorific,10316,1.13.3.0,15
2026-07-03T02:50:52Z,JobAutoSwitcher,8352,1.3.1.0,15
2026-07-03T09:15:44Z,SpotifyHonorific,10330,1.13.3.0,15
2026-07-03T09:15:44Z,JobAutoSwitcher,8360,1.3.1.0,15
2026-07-03T14:00:39Z,SpotifyHonorific,10345,1.13.3.0,15
2026-07-03T14:00:39Z,JobAutoSwitcher,8367,1.3.1.0,15
2026-07-03T19:19:34Z,SpotifyHonorific,10361,1.13.3.0,15
2026-07-03T19:19:34Z,JobAutoSwitcher,8373,1.3.1.0,15
2026-07-04T04:26:04+02:00,EmoteReactor,0,0.1.0.0,15
2026-07-04T02:39:09Z,SpotifyHonorific,10376,1.13.3.0,15
2026-07-04T02:39:09Z,JobAutoSwitcher,8386,1.3.1.0,15
2026-07-04T02:39:09Z,RetainerInventoryPrice,96,1.2.0.0,15
2026-07-04T02:46:57Z,JobAutoSwitcher,8387,1.3.1.0,15
2026-07-04T04:04:25Z,SpotifyHonorific,10378,1.13.3.0,15
2026-07-04T04:04:25Z,JobAutoSwitcher,8388,1.3.1.0,15
2026-07-04T04:04:25Z,EmoteReactor,5,0.1.0.0,15
2026-07-04T05:49:20Z,EmoteReactor,5,0.1.1.0,15
2026-07-04T06:04:11Z,SpotifyHonorific,10378,1.14.0.0,15
2026-07-04T08:34:33Z,SpotifyHonorific,10427,1.14.0.0,15
2026-07-04T08:34:33Z,JobAutoSwitcher,8392,1.3.1.0,15
2026-07-04T08:34:33Z,EmoteReactor,7,0.1.1.0,15
2026-07-04T11:11:30Z,SpotifyHonorific,10464,1.14.0.0,15
2026-07-04T11:11:30Z,JobAutoSwitcher,8393,1.3.1.0,15
2026-07-04T11:11:30Z,EmoteReactor,8,0.1.1.0,15
2026-07-04T13:22:04Z,SpotifyHonorific,10490,1.14.0.0,15
2026-07-04T13:22:04Z,JobAutoSwitcher,8397,1.3.1.0,15
2026-07-04T19:09:49Z,SpotifyHonorific,10571,1.14.0.0,15
2026-07-04T19:09:49Z,JobAutoSwitcher,8403,1.3.1.0,15
2026-07-05T02:57:36Z,SpotifyHonorific,10649,1.14.0.0,15
2026-07-05T02:57:36Z,JobAutoSwitcher,8421,1.3.1.0,15
2026-07-05T08:50:36Z,SpotifyHonorific,10676,1.14.0.0,15
2026-07-05T08:50:36Z,JobAutoSwitcher,8431,1.3.1.0,15
2026-07-05T08:50:36Z,EmoteReactor,9,0.1.1.0,15
2026-07-05T13:27:49Z,SpotifyHonorific,10711,1.14.0.0,15
2026-07-05T13:27:49Z,JobAutoSwitcher,8437,1.3.1.0,15
2026-07-05T13:27:49Z,ProvokeCounter,22,1.2.1.0,15
2026-07-05T19:15:35Z,SpotifyHonorific,10760,1.14.0.0,15
2026-07-05T19:15:35Z,DiscordChatWebhook,134,1.2.0.0,15
2026-07-05T19:15:35Z,JobAutoSwitcher,8448,1.3.1.0,15
2026-07-06T03:24:33Z,SpotifyHonorific,10816,1.14.0.0,15
2026-07-06T03:24:33Z,DiscordChatWebhook,135,1.2.0.0,15
2026-07-06T03:24:33Z,JobAutoSwitcher,8464,1.3.1.0,15
2026-07-06T10:17:29Z,SpotifyHonorific,10843,1.14.0.0,15
2026-07-06T10:17:29Z,JobAutoSwitcher,8471,1.3.1.0,15
2026-07-06T15:29:00Z,SpotifyHonorific,10854,1.14.0.0,15
2026-07-06T15:29:00Z,JobAutoSwitcher,8476,1.3.1.0,15
2026-07-06T19:54:01Z,SpotifyHonorific,10871,1.14.0.0,15
2026-07-06T19:54:01Z,JobAutoSwitcher,8482,1.3.1.0,15
2026-07-07T02:57:33Z,SpotifyHonorific,10910,1.14.0.0,15
2026-07-07T02:57:33Z,JobAutoSwitcher,8498,1.3.1.0,15
2026-07-07T02:57:33Z,EmoteReactor,13,0.1.1.0,15
2026-07-07T09:38:13Z,SpotifyHonorific,10921,1.14.0.0,15
2026-07-07T09:38:13Z,JobAutoSwitcher,8499,1.3.1.0,15
2026-07-07T14:30:09Z,SpotifyHonorific,10926,1.14.0.0,15
2026-07-07T14:30:09Z,JobAutoSwitcher,8502,1.3.1.0,15
2026-07-07T19:52:56Z,SpotifyHonorific,10933,1.14.0.0,15
2026-07-07T19:52:56Z,JobAutoSwitcher,8510,1.3.1.0,15
2026-07-08T02:34:01Z,SpotifyHonorific,10952,1.14.0.0,15
2026-07-08T02:34:01Z,JobAutoSwitcher,8518,1.3.1.0,15
2026-07-08T02:34:01Z,ProvokeCounter,23,1.2.1.0,15
2026-07-08T08:25:40Z,SpotifyHonorific,10958,1.14.0.0,15
2026-07-08T08:25:40Z,JobAutoSwitcher,8525,1.3.1.0,15
2026-07-08T14:02:03Z,SpotifyHonorific,10966,1.14.0.0,15
2026-07-08T14:02:03Z,JobAutoSwitcher,8531,1.3.1.0,15
2026-07-08T19:22:40Z,SpotifyHonorific,10975,1.14.0.0,15
2026-07-08T19:22:40Z,JobAutoSwitcher,8533,1.3.1.0,15
2026-07-08T22:32:51Z,SpotifyHonorific,10975,1.15.0.0,15
2026-07-09T02:52:09Z,SpotifyHonorific,11129,1.15.0.0,15
2026-07-09T02:52:09Z,JobAutoSwitcher,8545,1.3.1.0,15
2026-07-09T09:41:24Z,SpotifyHonorific,11218,1.15.0.0,15
2026-07-09T09:41:24Z,JobAutoSwitcher,8549,1.3.1.0,15
2026-07-09T13:24:43Z,SpotifyHonorific,11218,1.16.0.0,15
2026-07-09T14:55:32Z,SpotifyHonorific,11291,1.16.0.0,15
2026-07-09T14:55:32Z,JobAutoSwitcher,8553,1.3.1.0,15
2026-07-09T14:55:32Z,RetainerInventoryPrice,97,1.2.0.0,15
2026-07-09T17:41:30Z,SpotifyHonorific,11291,1.17.0.0,15
2026-07-09T19:43:57Z,SpotifyHonorific,11429,1.17.0.0,15
2026-07-09T19:43:57Z,JobAutoSwitcher,8560,1.3.1.0,15
2026-07-10T02:54:24Z,SpotifyHonorific,11590,1.17.0.0,15
2026-07-10T02:54:24Z,DiscordChatWebhook,136,1.2.0.0,15
2026-07-10T02:54:24Z,JobAutoSwitcher,8570,1.3.1.0,15
2026-07-10T02:54:24Z,EmoteReactor,14,0.1.1.0,15
2026-07-10T08:01:40Z,SpotifyHonorific,11590,1.17.1.0,15
2026-07-10T09:32:03Z,SpotifyHonorific,11651,1.17.1.0,15
2026-07-10T09:32:03Z,JobAutoSwitcher,8575,1.3.1.0,15
2026-07-10T14:22:55Z,SpotifyHonorific,11734,1.17.1.0,15
2026-07-10T14:22:55Z,JobAutoSwitcher,8579,1.3.1.0,15
